CREATE DATABASE  IF NOT EXISTS `internal_tool` /*!40100 DEFAULT CHARACTER SET utf8 */;
USE `internal_tool`;
-- MySQL dump 10.13  Distrib 5.7.17, for Win64 (x86_64)
--
-- Host: 127.0.0.1    Database: internal_tool
-- ------------------------------------------------------
-- Server version	5.5.5-10.1.21-MariaDB

/*!40101 SET @OLD_CHARACTER_SET_CLIENT=@@CHARACTER_SET_CLIENT */;
/*!40101 SET @OLD_CHARACTER_SET_RESULTS=@@CHARACTER_SET_RESULTS */;
/*!40101 SET @OLD_COLLATION_CONNECTION=@@COLLATION_CONNECTION */;
/*!40101 SET NAMES utf8 */;
/*!40103 SET @OLD_TIME_ZONE=@@TIME_ZONE */;
/*!40103 SET TIME_ZONE='+00:00' */;
/*!40014 SET @OLD_UNIQUE_CHECKS=@@UNIQUE_CHECKS, UNIQUE_CHECKS=0 */;
/*!40014 SET @OLD_FOREIGN_KEY_CHECKS=@@FOREIGN_KEY_CHECKS, FOREIGN_KEY_CHECKS=0 */;
/*!40101 SET @OLD_SQL_MODE=@@SQL_MODE, SQL_MODE='NO_AUTO_VALUE_ON_ZERO' */;
/*!40111 SET @OLD_SQL_NOTES=@@SQL_NOTES, SQL_NOTES=0 */;

--
-- Table structure for table `allocation`
--

DROP TABLE IF EXISTS `allocation`;
/*!40101 SET @saved_cs_client     = @@character_set_client */;
/*!40101 SET character_set_client = utf8 */;
CREATE TABLE `allocation` (
  `allocation_id` bigint(20) NOT NULL AUTO_INCREMENT,
  `allocation_plan` float DEFAULT NULL,
  `employee_id` bigint(20) DEFAULT NULL,
  `project_id` bigint(20) DEFAULT NULL,
  `end_date` date DEFAULT NULL,
  `month` int(11) DEFAULT NULL,
  `start_date` date DEFAULT NULL,
  `year` int(11) DEFAULT NULL,
  PRIMARY KEY (`allocation_id`),
  KEY `allocation_employee_FK1_idx` (`employee_id`),
  KEY `allocation_project_FK2_idx` (`project_id`),
  CONSTRAINT `allocation_employee_FK1` FOREIGN KEY (`employee_id`) REFERENCES `employee` (`employee_id`) ON DELETE NO ACTION ON UPDATE NO ACTION,
  CONSTRAINT `allocation_project_FK2` FOREIGN KEY (`project_id`) REFERENCES `project` (`project_id`) ON DELETE NO ACTION ON UPDATE NO ACTION
) ENGINE=InnoDB AUTO_INCREMENT=51 DEFAULT CHARSET=utf8;
/*!40101 SET character_set_client = @saved_cs_client */;

--
-- Dumping data for table `allocation`
--

LOCK TABLES `allocation` WRITE;
/*!40000 ALTER TABLE `allocation` DISABLE KEYS */;
INSERT INTO `allocation` VALUES (1,13,196,56,'2018-05-05',5,'2018-05-01',2018),(2,13,196,165,'2018-05-15',5,'2018-05-06',2018),(3,13,196,56,'2018-05-20',5,'2018-05-16',2018),(6,0,196,56,'2018-05-25',5,'2018-05-21',2018),(7,0,196,56,'2018-05-27',5,'2018-05-25',2018),(8,0,196,56,'2018-05-29',5,'2018-05-28',2018),(9,0,196,56,'2018-06-01',5,'2018-05-30',2018),(10,0,196,56,'2018-06-04',6,'2018-06-02',2018),(11,0,196,56,'2018-06-06',6,'2018-06-04',2018),(12,0,196,56,'2018-06-10',6,'2018-06-07',2018),(13,0,196,56,'2018-06-11',6,'2018-06-10',2018),(14,0,196,56,'2018-06-13',6,'2018-06-12',2018),(15,0,196,56,'2018-06-15',6,'2018-06-14',2018),(16,0,196,56,'2018-06-18',6,'2018-06-16',2018),(17,0,196,56,'2018-06-20',6,'2018-06-19',2018),(18,0,196,56,'2018-06-21',6,'2018-06-20',2018),(19,0,196,56,'2018-06-23',6,'2018-06-22',2018),(20,0,196,56,'2018-06-30',6,'2018-06-25',2018),(21,0,196,56,'2018-07-02',7,'2018-07-01',2018),(22,0,196,56,'2018-07-05',7,'2018-07-03',2018),(23,0,196,56,'2018-07-07',7,'2018-07-06',2018),(24,0,196,56,'2018-07-09',7,'2018-07-08',2018),(25,0,196,56,'2018-07-12',7,'2018-07-10',2018),(26,0,196,56,'2018-07-14',7,'2018-07-13',2018),(27,0,196,56,'2018-07-17',7,'2018-07-15',2018),(28,100,196,56,'2018-07-21',7,'2018-07-18',2018),(29,0,196,56,'2018-07-25',7,'2018-07-22',2018),(30,0,196,56,'2018-07-29',7,'2018-07-26',2018),(31,0,196,56,'2018-08-05',8,'2018-08-01',2018),(32,0,196,56,'2018-08-07',8,'2018-08-06',2018),(43,26.09,196,56,'2018-08-20',8,'2018-08-11',2018),(44,26.09,197,56,'2018-08-20',8,'2018-08-11',2018),(46,21.74,6,289,'2018-05-16',5,'2018-05-10',2018),(47,26.09,196,56,'2018-08-28',8,'2018-08-21',2018),(48,8.7,196,56,'2018-08-30',8,'2018-08-29',2018),(49,10,196,56,'2018-09-04',9,'2018-09-01',2018),(50,10,196,56,'2018-09-06',9,'2018-09-05',2018);
/*!40000 ALTER TABLE `allocation` ENABLE KEYS */;
UNLOCK TABLES;

--
-- Table structure for table `allocation_detail`
--

DROP TABLE IF EXISTS `allocation_detail`;
/*!40101 SET @saved_cs_client     = @@character_set_client */;
/*!40101 SET character_set_client = utf8 */;
CREATE TABLE `allocation_detail` (
  `allocation_detail_id` bigint(20) NOT NULL AUTO_INCREMENT,
  `date` date DEFAULT NULL,
  `employee_id` bigint(20) DEFAULT NULL,
  `project_id` bigint(20) DEFAULT NULL,
  `time` int(11) DEFAULT NULL,
  PRIMARY KEY (`allocation_detail_id`)
) ENGINE=InnoDB AUTO_INCREMENT=14 DEFAULT CHARSET=utf8;
/*!40101 SET character_set_client = @saved_cs_client */;

--
-- Dumping data for table `allocation_detail`
--

LOCK TABLES `allocation_detail` WRITE;
/*!40000 ALTER TABLE `allocation_detail` DISABLE KEYS */;
INSERT INTO `allocation_detail` VALUES (1,'2018-05-10',6,NULL,8),(2,'2018-05-11',6,NULL,8),(3,'2018-05-14',6,NULL,8),(4,'2018-05-15',6,NULL,8),(5,'2018-08-21',196,NULL,8),(6,'2018-08-22',196,NULL,8),(7,'2018-08-23',196,NULL,8),(8,'2018-08-24',196,NULL,8),(9,'2018-08-27',196,NULL,8),(10,'2018-08-29',196,NULL,8),(11,'2018-09-03',196,NULL,8),(12,'2018-09-05',196,NULL,8),(13,'2018-09-06',196,NULL,8);
/*!40000 ALTER TABLE `allocation_detail` ENABLE KEYS */;
UNLOCK TABLES;

--
-- Table structure for table `employee`
--

DROP TABLE IF EXISTS `employee`;
/*!40101 SET @saved_cs_client     = @@character_set_client */;
/*!40101 SET character_set_client = utf8 */;
CREATE TABLE `employee` (
  `employee_id` bigint(20) NOT NULL,
  `username` varchar(36) NOT NULL,
  `password` varchar(128) NOT NULL,
  `is_active` tinyint(1) DEFAULT NULL,
  `code` varchar(10) DEFAULT NULL,
  `group_id` varchar(5) DEFAULT NULL,
  `fullname` varchar(50) DEFAULT NULL,
  `email` varchar(100) DEFAULT NULL,
  `address` varchar(100) DEFAULT NULL,
  `age` int(11) DEFAULT NULL,
  `phone` varchar(20) DEFAULT NULL,
  PRIMARY KEY (`employee_id`),
  UNIQUE KEY `Employee_UK` (`username`),
  UNIQUE KEY `UKim8flsuftl52etbhgnr62d6wh` (`username`),
  KEY `employee_group_FK1_idx` (`group_id`),
  CONSTRAINT `employee_group_FK1` FOREIGN KEY (`group_id`) REFERENCES `group_ifi` (`group_id`) ON DELETE SET NULL ON UPDATE SET NULL
) ENGINE=InnoDB DEFAULT CHARSET=utf8;
/*!40101 SET character_set_client = @saved_cs_client */;

--
-- Dumping data for table `employee`
--

LOCK TABLES `employee` WRITE;
/*!40000 ALTER TABLE `employee` DISABLE KEYS */;
INSERT INTO `employee` VALUES (0,'user1','$2a$10$YkKKYBHGKGzAxClLDr7B5ugSAuD5z1kWoXWE4mgvxLeXRQRd.Ce4e',1,'N002','N2','Nguyen Van B','Nguyen Van B','Nguyen Van B',22,'Nguyen Van '),(1,'user2','$2a$10$YkKKYBHGKGzAxClLDr7B5ugSAuD5z1kWoXWE4mgvxLeXRQRd.Ce4e',1,'N001','N1','Nguyen Van A','Nguyen Van A','Nguyen Van A',21,'Nguyen Van '),(4,'user3','$2a$10$YkKKYBHGKGzAxClLDr7B5ugSAuD5z1kWoXWE4mgvxLeXRQRd.Ce4e',1,'N003','N1','Nguyễn Tuấn ','ntuan90@saigonnet.com','278 Nguyễn Văn Lượng,P16,Q.Gò Vấp ',21,'01648315306 '),(5,'user4','$2a$10$YkKKYBHGKGzAxClLDr7B5ugSAuD5z1kWoXWE4mgvxLeXRQRd.Ce4e',1,'N004','N1','Nguyễn Quốc Thùy ','Thuynq.kv@petrolimex.com.vn ','47 Huỳnh Mẫn Đạt, Phường 19, Bình Thạnh, HCM ',25,'0903956484 '),(6,'user5','$2a$10$YkKKYBHGKGzAxClLDr7B5ugSAuD5z1kWoXWE4mgvxLeXRQRd.Ce4e',1,'N005','N1','Trần Hồng Phúc ','reprince911@gmail.com ','1544 Hùnh Tấn Phát - Phú Mỹ - Q7  ',27,'0909095475 '),(7,'user6','$2a$10$YkKKYBHGKGzAxClLDr7B5ugSAuD5z1kWoXWE4mgvxLeXRQRd.Ce4e',1,'N006','N1','Nguyễn Chơn Cường ','cuong11101979@yahoo.com.vn ','Xà Bang - Châu Đức - BRVT  ',28,'0982161745 '),(8,'user7','$2a$10$YkKKYBHGKGzAxClLDr7B5ugSAuD5z1kWoXWE4mgvxLeXRQRd.Ce4e',1,'N007','N1','Huỳnh Mỹ Hương ','huynhhuong@skypte.com ','SKY JSC, 12/4C Nguyễn Thị Minh Khai, P. Đa Kao, Q1 TP.HCM ',28,'0903886292 '),(9,'user8','$2a$10$YkKKYBHGKGzAxClLDr7B5ugSAuD5z1kWoXWE4mgvxLeXRQRd.Ce4e',1,'N008','N1','Lê Trọng Khởi ','khoilt@vass.com.vn ','82 Thân Nhân Trung P13, Q. Tân Bình ',25,'0908283649 '),(10,'user9','$2a$10$YkKKYBHGKGzAxClLDr7B5ugSAuD5z1kWoXWE4mgvxLeXRQRd.Ce4e',1,'N009','N1','Nguyễn Hoài Thu ','thu_nguyenhoai@yahoo.com ','Căn hộ số 4, lầu 4 C/c NGuyễn Ngọc Phương, P19 Q. Bình Thạnh ',21,'907330379'),(11,'user10','$2a$10$YkKKYBHGKGzAxClLDr7B5ugSAuD5z1kWoXWE4mgvxLeXRQRd.Ce4e',1,'N010','N1','Lê Trần Quân ','quanks2k13@yahoo.com.vn ','A303 Cao Ốc Phú Thịnh, Cao Đạt, Q5 ',27,'0902334833 '),(12,'user11','$2a$10$YkKKYBHGKGzAxClLDr7B5ugSAuD5z1kWoXWE4mgvxLeXRQRd.Ce4e',1,'N011','N1','Lê Hoàng Duy Anh ','lehoangduyanh@yahoo.com ','880 Quốc Lộ 22, KP8, TT Củ Chi ',26,'0903327124 '),(13,'user12','$2a$10$YkKKYBHGKGzAxClLDr7B5ugSAuD5z1kWoXWE4mgvxLeXRQRd.Ce4e',1,'N012','N1','Trần Kim Oanh ','oanh_tran1972@yahoo.com ','13 đường 702 Hồng Bàng, P1, Q11, TPHCM ',22,'01686411329 '),(14,'user13','$2a$10$YkKKYBHGKGzAxClLDr7B5ugSAuD5z1kWoXWE4mgvxLeXRQRd.Ce4e',1,'N013','N1','Dương Ngọc Châu ','chauduong84@yahoo.com.vn ','N21 Cư xá Phú Lâm A, P12, Q6, TPHCM ',24,'0903114330 '),(15,'user14','$2a$10$YkKKYBHGKGzAxClLDr7B5ugSAuD5z1kWoXWE4mgvxLeXRQRd.Ce4e',1,'N014','N1','Nguyễn Thị Anh Đào ','anhdao77777@yahoo.com ','120/18B Trần Hưng Đạo, P. Phạm Ngũ Lão, Q1, TPHCM ',29,'0968263878 '),(16,'user15','$2a$10$YkKKYBHGKGzAxClLDr7B5ugSAuD5z1kWoXWE4mgvxLeXRQRd.Ce4e',1,'N015','N1','Dương Thanh Hòa ','thanhnghia862000@yahoo.com ','132/205A Đoàn Văn Bơ, P15, Q4, HCM ',27,'906330379'),(17,'user16','$2a$10$YkKKYBHGKGzAxClLDr7B5ugSAuD5z1kWoXWE4mgvxLeXRQRd.Ce4e',1,'N016','N1','Nguyễn Ngọc Trí ','trongtridv@gmail.com ','525/100 Huỳnh Văn Bánh, F14, Q Phú Nhuận, HCM ',23,'0986674850 '),(18,'user17','$2a$10$YkKKYBHGKGzAxClLDr7B5ugSAuD5z1kWoXWE4mgvxLeXRQRd.Ce4e',1,'N017','N1','Võ Minh Hiệp ','vominhhiep_105@yahoo.com ','Tổ dân phố Linh Phú, Đường 3-4, F Cam Linh, Thị Xã Cam Ranh, Tỉnh Khánh Hoà ',24,'0583952918 '),(19,'user18','$2a$10$YkKKYBHGKGzAxClLDr7B5ugSAuD5z1kWoXWE4mgvxLeXRQRd.Ce4e',1,'N018','N1','Dương Thanh Thế ','vietnam_red_blue@yahoo.com ','879 Phạm Văn Thuận, F Tam Hiệp, Biên Hoà, tỉnh Đồng Nai ',24,'0989777659 '),(20,'user19','$2a$10$YkKKYBHGKGzAxClLDr7B5ugSAuD5z1kWoXWE4mgvxLeXRQRd.Ce4e',1,'N019','N1','Ngũ Thị Hồng Hoa ','hoahongpru@yahoo.com ','385/20 Minh Phụng, P10, Q11, HCM ',24,''),(21,'user20','$2a$10$YkKKYBHGKGzAxClLDr7B5ugSAuD5z1kWoXWE4mgvxLeXRQRd.Ce4e',1,'N020','N1','Cao Thị Thanh Thảo ','girl_da_sau3000@yahoo.com ','193/7A Lê Quang Sung P6, Q6, TPHCM ',20,'0938020758 '),(22,'user21','$2a$10$YkKKYBHGKGzAxClLDr7B5ugSAuD5z1kWoXWE4mgvxLeXRQRd.Ce4e',1,'N021','N1','Phạm Thị Ngọc Thanh ','pnt.thanh@prudential.com.vn ','60/15/4 đường số 02 Hiệp Bình Phước, Thủ Đức, TPHCM ',24,'0909641433 '),(23,'user22','$2a$10$YkKKYBHGKGzAxClLDr7B5ugSAuD5z1kWoXWE4mgvxLeXRQRd.Ce4e',1,'N022','N1','Trần Văn Hạnh ','tvhali@yahoo.com','13/45/10 Bắc Hải, P6, Q. Tân Bình, TPHCM ',28,'0983436038 '),(24,'user23','$2a$10$YkKKYBHGKGzAxClLDr7B5ugSAuD5z1kWoXWE4mgvxLeXRQRd.Ce4e',1,'N023','N1','Trần Văn Hạnh ','hanhtkqn@yahoo.com','13/45/10 Bắc Hải, P6, Q. Tân Bình, TPHCM ',21,'0983436038 '),(25,'user24','$2a$10$YkKKYBHGKGzAxClLDr7B5ugSAuD5z1kWoXWE4mgvxLeXRQRd.Ce4e',1,'N024','N1','Nguyễn Thị Lệ Quyên ','lequyen19021986@yahoo.com ','144/10 Lê Trọng Tấn, P.Tây Thạnh, Q. Tân Phú, TPHCM ',26,'0909890850 '),(26,'user25','$2a$10$YkKKYBHGKGzAxClLDr7B5ugSAuD5z1kWoXWE4mgvxLeXRQRd.Ce4e',1,'N025','N1','Nguyễn Thị Lan Anh ','lananh30574@yahoo.com ','18/189 Trần Quang Diệu, P14, Q3, TPHCM ',20,'0947774275 '),(27,'user26','$2a$10$YkKKYBHGKGzAxClLDr7B5ugSAuD5z1kWoXWE4mgvxLeXRQRd.Ce4e',1,'N026','N1','Nguyễn Thanh Quang ','thanhquang456@yahoo.com ','45/6G Điện Biên Phủ, P15, Q. Bình Thạnh ',26,'0903682080 '),(28,'user27','$2a$10$YkKKYBHGKGzAxClLDr7B5ugSAuD5z1kWoXWE4mgvxLeXRQRd.Ce4e',1,'N027','N1','Lương Việt Chương ','chuonghrvietnam@yahoo.com ','056 đường số 19, Bình Hưng Hòa A, Q. Bình Tân ',26,'0989961522 '),(29,'user28','$2a$10$YkKKYBHGKGzAxClLDr7B5ugSAuD5z1kWoXWE4mgvxLeXRQRd.Ce4e',1,'N028','N1','Nguyễn Thị Kim Tuyến ','doremonu20@yahoo.com','2145 Lê Thúc Hoạch, P. Phú Thọ Hòa, Q. Tân Phú, TPHCM ',27,'0908669839 '),(30,'user29','$2a$10$YkKKYBHGKGzAxClLDr7B5ugSAuD5z1kWoXWE4mgvxLeXRQRd.Ce4e',1,'N029','N1','Vũ Xuân Vinh ','xuanvinh125@hcm.fpt.vn','2/28 tổ 18, KP3, Quốc lộ 13, Hiệp Bình Chánh, Q. Thủ Đức, TPHCM ',27,'0908690569 '),(31,'user30','$2a$10$YkKKYBHGKGzAxClLDr7B5ugSAuD5z1kWoXWE4mgvxLeXRQRd.Ce4e',1,'N030','N1','Nguyễn Thị Kim Tuyến ','kimtuyengifts@yahoo.com','2145 Lê Thúc Hoạch, P. Phú Thọ Hòa, Q. Tân Phú, TPHCM ',22,'0908669839 '),(32,'user31','$2a$10$YkKKYBHGKGzAxClLDr7B5ugSAuD5z1kWoXWE4mgvxLeXRQRd.Ce4e',1,'N031','N1','Vũ Xuân Vinh ','johnyxuanvinh@gmail.com','2/28 tổ 18, KP3, Quốc lộ 13, Hiệp Bình Chánh, Q. Thủ Đức, TPHCM ',26,'0908690569 '),(33,'user32','$2a$10$YkKKYBHGKGzAxClLDr7B5ugSAuD5z1kWoXWE4mgvxLeXRQRd.Ce4e',1,'N032','N1','Lâm Đỗ Lê Duy ','ccdngayay@yahoo.com ','341/19/12 Khương Việt, P. Phú Trang, Q. Tân Phú, TPHCM ',23,'0909681517 '),(34,'user33','$2a$10$YkKKYBHGKGzAxClLDr7B5ugSAuD5z1kWoXWE4mgvxLeXRQRd.Ce4e',1,'N033','N1','Lê Thị Mỹ Thy ','lemth075@yahoo.com ','59 Bành Văn Trân, P7, Q. Tân Bình, TPHCM ',28,'0909386007 '),(35,'user34','$2a$10$YkKKYBHGKGzAxClLDr7B5ugSAuD5z1kWoXWE4mgvxLeXRQRd.Ce4e',1,'N034','N1','Hoàng Vĩnh Long ','hvlong@vhu.hcm.edu.vn','C13 khu chợ phường 25, Ung Văn Khiêm, P25, Q. Bình Thạnh, TPHCM ',27,'0983122449 '),(36,'user35','$2a$10$YkKKYBHGKGzAxClLDr7B5ugSAuD5z1kWoXWE4mgvxLeXRQRd.Ce4e',1,'N035','N1','Hoàng Vĩnh Long ','hvlong@yahoo.com','C13 khu chợ phường 25, Ung Văn Khiêm, P25, Q. Bình Thạnh, TPHCM ',29,'0983122449 '),(37,'user36','$2a$10$YkKKYBHGKGzAxClLDr7B5ugSAuD5z1kWoXWE4mgvxLeXRQRd.Ce4e',1,'N036','N1','Đào Mạnh Cường ','cuongdm@vietbright.com ','D415 lô E, KCN Tân Bình, P. Tây Thạnh, Q. Tân Phú, TPHCM ',27,'0907398720 '),(38,'user37','$2a$10$YkKKYBHGKGzAxClLDr7B5ugSAuD5z1kWoXWE4mgvxLeXRQRd.Ce4e',1,'N037','N1','Đỗ Thị Mùi ','xmuiq2@yahoo.com ','63 đường số 5, P. Bình An, Q2, TPHCM ',25,'0917183711 '),(39,'user38','$2a$10$YkKKYBHGKGzAxClLDr7B5ugSAuD5z1kWoXWE4mgvxLeXRQRd.Ce4e',1,'N038','N1','Lương Thị Nhị ','nhiltt@gmail.com','208 KP4, P. Bình An, Q2, TPHCM ',28,'0909380589 '),(40,'user39','$2a$10$YkKKYBHGKGzAxClLDr7B5ugSAuD5z1kWoXWE4mgvxLeXRQRd.Ce4e',1,'N039','N1','Lương Thị Nhị ','nhiltt@yahoo.com','208 KP4, P. Bình An, Q2, TPHCM ',20,'0909380589 '),(41,'user40','$2a$10$YkKKYBHGKGzAxClLDr7B5ugSAuD5z1kWoXWE4mgvxLeXRQRd.Ce4e',1,'N040','N1','Bùi Thị Hoàng Mai ','salepacificvn2000@yahoo.com.vn ','505/4 Nguyễn Kiệm, P9, Q. Phú Nhuận, TPHCM ',21,'0983636773 '),(42,'user41','$2a$10$YkKKYBHGKGzAxClLDr7B5ugSAuD5z1kWoXWE4mgvxLeXRQRd.Ce4e',1,'N041','N1','Bùi Quang Việt ','quangvietcd@yahoo.com','309K Thanh Đa, P27, Q. Bình Thạnh, TPHCM ',25,'0908987696 '),(43,'user42','$2a$10$YkKKYBHGKGzAxClLDr7B5ugSAuD5z1kWoXWE4mgvxLeXRQRd.Ce4e',1,'N042','N1','Bùi Quang Việt ','bqviet@ueh.edu.vn','309K Thanh Đa, P27, Q. Bình Thạnh, TPHCM ',29,'0908987696 '),(44,'user43','$2a$10$YkKKYBHGKGzAxClLDr7B5ugSAuD5z1kWoXWE4mgvxLeXRQRd.Ce4e',1,'N043','N1','Phạm Công Định ','onlylove20042003@yahoo.com ','260 Ấp 3, An Phước, Long Thành, Đồng Nai ',20,'01684667808 '),(45,'user44','$2a$10$YkKKYBHGKGzAxClLDr7B5ugSAuD5z1kWoXWE4mgvxLeXRQRd.Ce4e',1,'N044','N1','Bùi Thị Diệu Hiền ','hiensunjinvn@yahoo.com.vn','10/123 KP3, Tam Hòa, Biên Hòa, Đồng Nai ',20,'0908350674 '),(46,'user45','$2a$10$YkKKYBHGKGzAxClLDr7B5ugSAuD5z1kWoXWE4mgvxLeXRQRd.Ce4e',1,'N045','N1','Bùi Thị Diệu Hiền ','seezuaf999@yahoo.com','10/123 KP3, Tam Hòa, Biên Hòa, Đồng Nai ',23,'0908350674 '),(47,'user46','$2a$10$YkKKYBHGKGzAxClLDr7B5ugSAuD5z1kWoXWE4mgvxLeXRQRd.Ce4e',1,'N046','N1','Trần Đăng Ngọc ','tran_ngoc92@yahoo.com ','Đồng Thành, Yên Thành, Nghệ An ',22,'0932174282 '),(48,'user47','$2a$10$YkKKYBHGKGzAxClLDr7B5ugSAuD5z1kWoXWE4mgvxLeXRQRd.Ce4e',1,'N047','N1','Đặng Đình Thanh Hoài ','ddthoai2002@yahoo.com ','50 đường 15, P. Bình Trưng Đông, Q2, TPHCM ',21,'0989354446 '),(49,'user48','$2a$10$YkKKYBHGKGzAxClLDr7B5ugSAuD5z1kWoXWE4mgvxLeXRQRd.Ce4e',1,'N048','N1','Nguyễn Văn Thành ','nguyenthanh_15071962@yahoo.com ','36 tổ 2, ấp 6, Hưng Hòa, Bến Cát, Bình Dương ',28,'0918223085 '),(50,'user49','$2a$10$YkKKYBHGKGzAxClLDr7B5ugSAuD5z1kWoXWE4mgvxLeXRQRd.Ce4e',1,'N049','N1','Nguyễn Trường Giang Hà ','ngayayxaroi0909@yahoo.com ','C6 tổ 6, Khu phố 5, An Bình, Biên Hòa, Đồng Nai ',28,'0916962449 '),(51,'user50','$2a$10$YkKKYBHGKGzAxClLDr7B5ugSAuD5z1kWoXWE4mgvxLeXRQRd.Ce4e',1,'N050','N1','Nguyễn Thị Thúy ','christtina8282@yahoo.com','17 đường 26, KCN Sóng Thần II, Dĩ An ',20,'01686699090 '),(52,'user51','$2a$10$YkKKYBHGKGzAxClLDr7B5ugSAuD5z1kWoXWE4mgvxLeXRQRd.Ce4e',1,'N051','N1','Nguyễn Thị Thúy ','christinanguyen@pohhuat.com','17 đường 26, KCN Sóng Thần II, Dĩ An ',26,'01686699090 '),(53,'user52','$2a$10$YkKKYBHGKGzAxClLDr7B5ugSAuD5z1kWoXWE4mgvxLeXRQRd.Ce4e',1,'N052','N1','Nguyễn Thu Thủy ','thuyntt82@yahoo.com ','173/15 Trần Quốc Thảo, P9, Q3, TPHCM ',22,'01228863254 '),(54,'user53','$2a$10$YkKKYBHGKGzAxClLDr7B5ugSAuD5z1kWoXWE4mgvxLeXRQRd.Ce4e',1,'N053','N1','Phạm Nguyễn Phương Hồng ','beo_con882000@yahoo.com ','27/2/18 đường số 3, P. Tam Phú, Q. Thủ Đức, TPHCM ',22,'0909523525 '),(55,'user54','$2a$10$YkKKYBHGKGzAxClLDr7B5ugSAuD5z1kWoXWE4mgvxLeXRQRd.Ce4e',1,'N054','N1','Đàm Thị Lương ','hienluong_vgas@yahoo.com ','Long Bình Tân, Biên Hòa, Đồng Nai ',28,'0974282002 '),(56,'user55','$2a$10$YkKKYBHGKGzAxClLDr7B5ugSAuD5z1kWoXWE4mgvxLeXRQRd.Ce4e',1,'N055','N1','Trịnh Thị Tố Trinh ','nsvc.hr1@gbl.nidec_sankyo.co.jp','D634 khu phố 4, Long Bình, Biên Hòa, Đồng Nai ',23,'0902498125 '),(57,'user56','$2a$10$YkKKYBHGKGzAxClLDr7B5ugSAuD5z1kWoXWE4mgvxLeXRQRd.Ce4e',1,'N056','N1','Dương Quang Trường ','dqtruong@sym.com.tw','H10/2/13 Khu phố 7, Tân Phong, Biên Hòa, Đồng Nai ',21,'0916705252 '),(58,'user57','$2a$10$YkKKYBHGKGzAxClLDr7B5ugSAuD5z1kWoXWE4mgvxLeXRQRd.Ce4e',1,'N057','N1','Trần Bảo Trân ','tranbaotran1982@yahoo.com','M8A, Thất Sơn, P15, Q10, TPHCM ',25,'0902808681 '),(59,'user58','$2a$10$YkKKYBHGKGzAxClLDr7B5ugSAuD5z1kWoXWE4mgvxLeXRQRd.Ce4e',1,'N058','N1','Trịnh Thị Tố Trinh ','sakura_4t@yahoo.com ','D634 khu phố 4, Long Bình, Biên Hòa, Đồng Nai ',22,'0902498125 '),(60,'user59','$2a$10$YkKKYBHGKGzAxClLDr7B5ugSAuD5z1kWoXWE4mgvxLeXRQRd.Ce4e',1,'N059','N1','Dương Quang Trường ','dqtruong08@gmail.com','H10/2/13 Khu phố 7, Tân Phong, Biên Hòa, Đồng Nai ',24,'0916705252 '),(61,'user60','$2a$10$YkKKYBHGKGzAxClLDr7B5ugSAuD5z1kWoXWE4mgvxLeXRQRd.Ce4e',1,'N060','N1','Trần Bảo Trân ','tranbaotran1982@gmail.com','M8A, Thất Sơn, P15, Q10, TPHCM ',24,'0902808681 '),(62,'user61','$2a$10$YkKKYBHGKGzAxClLDr7B5ugSAuD5z1kWoXWE4mgvxLeXRQRd.Ce4e',1,'N061','N1','Lê Nguyễn Phương Ngọc ','ngoclnp@techcombank.com.vn ','108/31 đường số 9, P9, Gò Vấp ',24,'0908263429 '),(63,'user62','$2a$10$YkKKYBHGKGzAxClLDr7B5ugSAuD5z1kWoXWE4mgvxLeXRQRd.Ce4e',1,'N062','N1','Nguyễn Lê Châu ','nhombonminh2006@yahoo.com ','300/28 Nguyễn Văn Linh, F Bình Thuận, Q 7, HCM ',24,'0973643938 '),(64,'user63','$2a$10$YkKKYBHGKGzAxClLDr7B5ugSAuD5z1kWoXWE4mgvxLeXRQRd.Ce4e',1,'N063','N1','Trương Văn Vũ ','vanvu679@gmail.com ','TK 15/31 Nguyễn Cảnh Chân, F Cầu Kho, Q1, HCM ',24,'0958815597 '),(65,'user64','$2a$10$YkKKYBHGKGzAxClLDr7B5ugSAuD5z1kWoXWE4mgvxLeXRQRd.Ce4e',1,'N064','N1','Nguyễn Đắc Hà Phương ','haphuongnd86@gmail.com ','95/12 Lê Văn Sỹ, P13, Q.Phú Nhuận, HCM ',29,'0949073268 '),(66,'user65','$2a$10$YkKKYBHGKGzAxClLDr7B5ugSAuD5z1kWoXWE4mgvxLeXRQRd.Ce4e',1,'N065','N1','Chu Thị Hồng Lý ','LyCTH@gemadept.com.vn ','Số 6, Lô E2, Cư xá 30/4, Phường 25, Q Bình Thạnh, HCM ',23,'0976263488 '),(67,'user66','$2a$10$YkKKYBHGKGzAxClLDr7B5ugSAuD5z1kWoXWE4mgvxLeXRQRd.Ce4e',1,'N066','N1','Trương Quang Thành ','dvcthotnot@yahoo.com ','02.02 Lô C C/C Phạm Viết Chánh, F19, Bình Thạnh, HCM ',25,'0913911922 '),(68,'user67','$2a$10$YkKKYBHGKGzAxClLDr7B5ugSAuD5z1kWoXWE4mgvxLeXRQRd.Ce4e',1,'N067','N1','Nguyễn Khắc Sinh Châu ','sinhchau@yahoo.com ','23 Đường 12, Bình An, Quận 2, HCM ',27,'09093607557 '),(69,'user68','$2a$10$YkKKYBHGKGzAxClLDr7B5ugSAuD5z1kWoXWE4mgvxLeXRQRd.Ce4e',1,'N068','N1','Phan Thị Thanh Tâm ','thanhtam_email@yahoo.com ','232/2/15 Đoàn Văn Bơ, Phường 10, Quận 4, HCM ',22,'0983813530 '),(70,'user69','$2a$10$YkKKYBHGKGzAxClLDr7B5ugSAuD5z1kWoXWE4mgvxLeXRQRd.Ce4e',1,'N069','N1','Nguyễn Thị Thúy Hằng ','thuyhang171@gmail.com ','6/12 Đường 68, Hiệp Phú, Quận 9, HCM ',29,'0983118768 '),(71,'user70','$2a$10$YkKKYBHGKGzAxClLDr7B5ugSAuD5z1kWoXWE4mgvxLeXRQRd.Ce4e',1,'N070','N1','Nguyễn Minh Thiện ','nguyenminhthien2009@gmail.com ','số 6, N11 KDC Phú Hòa, Phú Hòa, Thủ Dầu 1, Bình Dương ',26,'0986317217 '),(73,'user72','$2a$10$YkKKYBHGKGzAxClLDr7B5ugSAuD5z1kWoXWE4mgvxLeXRQRd.Ce4e',1,'N072','N2','Nguyễn Thị Bạch Yến ','bachyen04@yahoo.com.vn ','23 Đường số 10, Cát Lái, Quận 2, HCM ',25,'0903640449 '),(74,'user73','$2a$10$YkKKYBHGKGzAxClLDr7B5ugSAuD5z1kWoXWE4mgvxLeXRQRd.Ce4e',1,'N073','N2','Phạm Nguyễn Anh Trà ','at7-8x@yahoo.com ','Cát Hậu, Hồng Hưng, Gia Lộc, Hải Dương ',25,'0984944604 '),(75,'user74','$2a$10$YkKKYBHGKGzAxClLDr7B5ugSAuD5z1kWoXWE4mgvxLeXRQRd.Ce4e',1,'N074','N2','Nguyễn An Sống ','nguyenansong@yahoo.com.vn ','Cát Hậu, Hồng Hưng, Gia Lộc, Hải Dương ',25,'0902751783 '),(76,'user75','$2a$10$YkKKYBHGKGzAxClLDr7B5ugSAuD5z1kWoXWE4mgvxLeXRQRd.Ce4e',1,'N075','N2','Trần Cẩm Phong ','phongasc@yahoo.com.vn ','Cát Hậu, Hồng Hưng, Gia Lộc, Hải Dương ',33,'0937385070 '),(77,'user76','$2a$10$YkKKYBHGKGzAxClLDr7B5ugSAuD5z1kWoXWE4mgvxLeXRQRd.Ce4e',1,'N076','N2','Nguyễn Thị Lành ','ntlanh.khdn@gmail.com ','Cát Hậu, Hồng Hưng, Gia Lộc, Hải Dương ',29,'0987999031 '),(78,'user77','$2a$10$YkKKYBHGKGzAxClLDr7B5ugSAuD5z1kWoXWE4mgvxLeXRQRd.Ce4e',1,'N077','N2','Hồ Thiên Nga ','hothunga77@gmail.com ','255/72/4 Ngô Tất Tố, P22, Bình Thạnh ',22,''),(79,'user78','$2a$10$YkKKYBHGKGzAxClLDr7B5ugSAuD5z1kWoXWE4mgvxLeXRQRd.Ce4e',1,'N078','N2','Nguyễn Văn Tý ','trieuminh240684@yahoo.com ','255/72/4 Ngô Tất Tố, P22, Bình Thạnh ',27,''),(80,'user79','$2a$10$YkKKYBHGKGzAxClLDr7B5ugSAuD5z1kWoXWE4mgvxLeXRQRd.Ce4e',1,'N079','N2','Hồ Thị Quỳnh Như ','moiro1985@yahoo.com ','441/33/9 Nguyễn Bỉnh Khiêm, P1, Gò Vấp, HCM ',24,'0903700577 '),(81,'user80','$2a$10$YkKKYBHGKGzAxClLDr7B5ugSAuD5z1kWoXWE4mgvxLeXRQRd.Ce4e',1,'N080','N2','Ngô Thanh Hải ','ngohai1976@gmail.com ','441/33/9 Nguyễn Bỉnh Khiêm, P1, Gò Vấp, HCM ',20,''),(82,'user81','$2a$10$YkKKYBHGKGzAxClLDr7B5ugSAuD5z1kWoXWE4mgvxLeXRQRd.Ce4e',1,'N081','N2','Nguyễn Quang Đức ','dannynguyen1980@gmail.com ','P417 C/c Vạn Đô, 348 Bến Vân Đồn, F1, Quận 4, HCM ',27,''),(83,'user82','$2a$10$YkKKYBHGKGzAxClLDr7B5ugSAuD5z1kWoXWE4mgvxLeXRQRd.Ce4e',1,'N082','N2','Phạm Thị Diệu Hiền ','dieuhienvssc@gmail.com ','P417 C/c Vạn Đô, 348 Bến Vân Đồn, F1, Quận 4, HCM ',28,'0935765765 '),(84,'user83','$2a$10$YkKKYBHGKGzAxClLDr7B5ugSAuD5z1kWoXWE4mgvxLeXRQRd.Ce4e',1,'N083','N2','Đặng Thị Ngọc Sương ','dangngocsuong@yahoo.com ','P417 C/c Vạn Đô, 348 Bến Vân Đồn, F1, Quận 4, HCM ',26,'0974950370 '),(85,'user84','$2a$10$YkKKYBHGKGzAxClLDr7B5ugSAuD5z1kWoXWE4mgvxLeXRQRd.Ce4e',1,'N084','N2','Nguyễn Thanh Tùng ','sgn-tsm@sgnlogistics.com.vn ','P417 C/c Vạn Đô, 348 Bến Vân Đồn, F1, Quận 4, HCM ',20,'0938312868 '),(86,'user85','$2a$10$YkKKYBHGKGzAxClLDr7B5ugSAuD5z1kWoXWE4mgvxLeXRQRd.Ce4e',1,'N085','N2','Nguyễn Thị Ngọc My ','ngocmybk@gmail.com ','94 đường 17, P. Linh Chiểu, Thủ Đức ',28,'0984221287 '),(87,'user86','$2a$10$YkKKYBHGKGzAxClLDr7B5ugSAuD5z1kWoXWE4mgvxLeXRQRd.Ce4e',1,'N086','N2','Trương Quang Long Triều ','trieu_tql@yahoo.com.vn ','95 đường 17, P. Linh Chiểu, Thủ Đức ',28,'0918339988 '),(88,'user87','$2a$10$YkKKYBHGKGzAxClLDr7B5ugSAuD5z1kWoXWE4mgvxLeXRQRd.Ce4e',1,'N087','N2','Nguyễn Quang Linh ','quanglinhmail@yahoo.com ','45/9 Đinh Tiên Hoàng, Bến Nghé, Quận 1, HCM ',21,'01684577977 '),(89,'user88','$2a$10$YkKKYBHGKGzAxClLDr7B5ugSAuD5z1kWoXWE4mgvxLeXRQRd.Ce4e',1,'N088','N2','Trần Bình Chương ','binhchuongkts@yahoo.com.vn ','45/9 Đinh Tiên Hoàng, Bến Nghé, Quận 1, HCM ',30,'0903925707 '),(90,'user89','$2a$10$YkKKYBHGKGzAxClLDr7B5ugSAuD5z1kWoXWE4mgvxLeXRQRd.Ce4e',1,'N089','N2','Lê Thị Anh Đào ','andavn@yahoo.com ','45/9 Đinh Tiên Hoàng, Bến Nghé, Quận 1, HCM ',34,'0918103908 '),(91,'user90','$2a$10$YkKKYBHGKGzAxClLDr7B5ugSAuD5z1kWoXWE4mgvxLeXRQRd.Ce4e',1,'N090','N2','Vũ Xuân Hà ','xhavu@yahoo.com.vn ','277/14 Nguyễn Tiểu La, P8, Q10, Tp. Hồ Chí Minh ',31,'0982390490 '),(92,'user91','$2a$10$YkKKYBHGKGzAxClLDr7B5ugSAuD5z1kWoXWE4mgvxLeXRQRd.Ce4e',1,'N091','N2','Lưu Quang Đạo ','lqdao@pvfcoo.com.vn ','277/14 Nguyễn Tiểu La, P8, Q10, Tp. Hồ Chí Minh ',29,'0919587879 '),(93,'user92','$2a$10$YkKKYBHGKGzAxClLDr7B5ugSAuD5z1kWoXWE4mgvxLeXRQRd.Ce4e',1,'N092','N2','Phan Hồng Ngọc ','hongngocsg@yahoo.com ','277/14 Nguyễn Tiểu La, P8, Q10, Tp. Hồ Chí Minh ',21,'094646886 '),(94,'user93','$2a$10$YkKKYBHGKGzAxClLDr7B5ugSAuD5z1kWoXWE4mgvxLeXRQRd.Ce4e',1,'N093','N2','Lê Phú Cường ','lephucuong@yahoo.com ','277/14 Nguyễn Tiểu La, P8, Q10, Tp. Hồ Chí Minh ',32,'0918413504 '),(95,'user94','$2a$10$YkKKYBHGKGzAxClLDr7B5ugSAuD5z1kWoXWE4mgvxLeXRQRd.Ce4e',1,'N094','N2','Lưu Thị Dung ','Dunglv1606@gmail.com ','130 Ung Văn Khiêm, P25, Bình Thạnh, HCM ',28,'0985596312 '),(96,'user95','$2a$10$YkKKYBHGKGzAxClLDr7B5ugSAuD5z1kWoXWE4mgvxLeXRQRd.Ce4e',1,'N095','N2','Phan Văn Ngọc ','ngocshpcnhcm@yahoo.com.vn ','785/16/32 Xô Viết Nghệ Tĩnh, P25, Q. Bình Thạnh, Tp.HCM ',23,'0903820261 '),(97,'user96','$2a$10$YkKKYBHGKGzAxClLDr7B5ugSAuD5z1kWoXWE4mgvxLeXRQRd.Ce4e',1,'N096','N2','Lê Cẩm Hồng Phượng ','hongphuong@sunimex.com ','35 Đoàn Hữu Trưng, An Phú, Q.2, TPHCM ',25,'0903641020 '),(98,'user97','$2a$10$YkKKYBHGKGzAxClLDr7B5ugSAuD5z1kWoXWE4mgvxLeXRQRd.Ce4e',1,'N097','N2','Nguyễn Xuân Thịnh ','xuanthanh9@yahoo.com ','327/44/3 Tổ 7 KP 2A, P.Thới An, Q.12, TPHCM ',33,'0947541503 '),(99,'user98','$2a$10$YkKKYBHGKGzAxClLDr7B5ugSAuD5z1kWoXWE4mgvxLeXRQRd.Ce4e',1,'N098','N2','Trịnh Kim Ngân ','ngan.trinh@libertyinsurance.com.vn ','39/9 Nhất Chi Mai, P13, Q.Tân Bình, TPHCM ',31,'0913607635 '),(100,'user99','$2a$10$YkKKYBHGKGzAxClLDr7B5ugSAuD5z1kWoXWE4mgvxLeXRQRd.Ce4e',1,'N099','N2','Trần Thị Phương Thảo ','tranthiphuongthao17@yahoo.com ','404/1/28 Lê Hồng Phong, Nha Trang, Khánh Hoà ',31,'0937983177 '),(101,'user100','$2a$10$YkKKYBHGKGzAxClLDr7B5ugSAuD5z1kWoXWE4mgvxLeXRQRd.Ce4e',1,'N100','N2','Bùi Thuỵ Uyên Vy ','vicky2006@nurian.org ','11/3H Nguyễn Anh Thủ, Ấp Đông, Hóc Môn  ',29,'0908200689 '),(102,'user101','$2a$10$YkKKYBHGKGzAxClLDr7B5ugSAuD5z1kWoXWE4mgvxLeXRQRd.Ce4e',1,'N101','N2','Nguyễn Thị Thanh Phương ','thphng@yahoo.com ','263 Hàn Hải Nguyên, P2, Q11, TPHCM ',20,'0986888956 '),(103,'user102','$2a$10$YkKKYBHGKGzAxClLDr7B5ugSAuD5z1kWoXWE4mgvxLeXRQRd.Ce4e',1,'N102','N2','Nguyễn Xuân Thành ','thanhdevyt@yahoo.com.vn ','A9 Đường 30, P.Bình Anh, Q.2, TPHCM ',28,'0903722730 '),(104,'user103','$2a$10$YkKKYBHGKGzAxClLDr7B5ugSAuD5z1kWoXWE4mgvxLeXRQRd.Ce4e',1,'N103','N2','Nguyễn Văn Nhung ','hoangnhung789@gmail.com ','52A Đường 20 KP 4 Hiệp Bình Chánh, Thủ Đức ',26,'0989519967 '),(105,'user104','$2a$10$YkKKYBHGKGzAxClLDr7B5ugSAuD5z1kWoXWE4mgvxLeXRQRd.Ce4e',1,'N104','N2','Võ Thị Minh Phượng ','vmphuong1@gmail.com ','163/22A Khu 5,6, Bình Hưng HòaB, Q.Bình Tân ',23,'0986 720 608 '),(106,'user105','$2a$10$YkKKYBHGKGzAxClLDr7B5ugSAuD5z1kWoXWE4mgvxLeXRQRd.Ce4e',1,'N105','N2','Quách Thế Minh ','minhdem1980@yahoo.com ','41/7 Bùi Viện, P.Phạm Ngũ Lão,Q.1 ',25,'0985 066688 '),(107,'user106','$2a$10$YkKKYBHGKGzAxClLDr7B5ugSAuD5z1kWoXWE4mgvxLeXRQRd.Ce4e',1,'N106','N2','Trần Thị Lan Hương ','alice@nurian.org ','số 6 KP3, P.Bình Hưng Hòa, Q.Bình Tân, TPHCM ',24,'0933340799 '),(108,'user107','$2a$10$YkKKYBHGKGzAxClLDr7B5ugSAuD5z1kWoXWE4mgvxLeXRQRd.Ce4e',1,'N107','N2','Phạm Trúc Vy ','phamtrucvy@yahoo.com ','số 6 KP3, P.Bình Hưng Hòa, Q.Bình Tân, TPHCM ',25,'0905751100 '),(109,'user108','$2a$10$YkKKYBHGKGzAxClLDr7B5ugSAuD5z1kWoXWE4mgvxLeXRQRd.Ce4e',1,'N108','N2','Nguyễn Kiều Yến Vi ','yenvi_2812@yahoo.com.vn ','649/58 Điện Biên Phủ, P.25, Q. Bình Thạnh, HCM ',24,'0984 534 246 '),(110,'user109','$2a$10$YkKKYBHGKGzAxClLDr7B5ugSAuD5z1kWoXWE4mgvxLeXRQRd.Ce4e',1,'N109','N2','Đỗ Thị Bích Hà ','chipbombo@yahoo.com ','245D, Nguyễn Trãi, P. Nguyễn Cư Trinh, Q.1,HCM ',22,'0908 006292 '),(111,'user110','$2a$10$YkKKYBHGKGzAxClLDr7B5ugSAuD5z1kWoXWE4mgvxLeXRQRd.Ce4e',1,'N110','N2','Nguyễn Thị Bích Trâm ','tramelite@yahoo.com ','152/54/28 Lạc Long Quân, P.3, Q.11, HCM ',32,'0918 609984 '),(112,'user111','$2a$10$YkKKYBHGKGzAxClLDr7B5ugSAuD5z1kWoXWE4mgvxLeXRQRd.Ce4e',1,'N111','N2','Vũ Trung Hiếu ','hieu_kimlong@yahoo.com ','385/4 Điện Biên Phủ, P4, Q3, TPHCM ',22,'0903711279 '),(113,'user112','$2a$10$YkKKYBHGKGzAxClLDr7B5ugSAuD5z1kWoXWE4mgvxLeXRQRd.Ce4e',1,'N112','N2','Nguyễn Thị Ngọc Cúc ','cucn79@yahoo.com ','385/4 Điện Biên Phủ, P4, Q3, TPHCM ',32,'0908899559 '),(114,'user113','$2a$10$YkKKYBHGKGzAxClLDr7B5ugSAuD5z1kWoXWE4mgvxLeXRQRd.Ce4e',1,'N113','N2','Nguyễn Gia Việt Huy ','viethuy@fmc.com.vn ','385/4 Điện Biên Phủ, P4, Q3, TPHCM ',24,'0169997809 '),(115,'user114','$2a$10$YkKKYBHGKGzAxClLDr7B5ugSAuD5z1kWoXWE4mgvxLeXRQRd.Ce4e',1,'N114','N2','Trần Minh ','abrandnewperson88@yahoo.com ','B22/15 Đường Bạch Đằng, P.2, Tân Bình, HCM ',29,'0909 707110 '),(116,'user115','$2a$10$YkKKYBHGKGzAxClLDr7B5ugSAuD5z1kWoXWE4mgvxLeXRQRd.Ce4e',1,'N115','N2','Phạm Thị Bích Thủy ','bichthuy_1804@yahoo.com.vn ','180/34 XVNT, P21, Q. Bình THạnh ',24,'0902.217.093 '),(117,'user116','$2a$10$YkKKYBHGKGzAxClLDr7B5ugSAuD5z1kWoXWE4mgvxLeXRQRd.Ce4e',1,'N116','N2','Phùng Anh Tuấn ','patuan@yahoo.com.vn ','68/46A, Nguyễn Thái Sơn, P.3, Q. Gò Vấp, HCM ',25,'0903.920.555 '),(118,'user117','$2a$10$YkKKYBHGKGzAxClLDr7B5ugSAuD5z1kWoXWE4mgvxLeXRQRd.Ce4e',1,'N117','N2','Hòang Thị Thu Trang ','hoangtrang.vinaship@gmail.com ','5E, Nguyễn Đình Chiểu, P. Đakao, Q.1, HCM ',23,'0945.797.908 '),(119,'user118','$2a$10$YkKKYBHGKGzAxClLDr7B5ugSAuD5z1kWoXWE4mgvxLeXRQRd.Ce4e',1,'N118','N2','Lữ Ngọc Bình ','v3112@jtc.com.tw ','137 I, Tân Khai,P.4, Q.11, HCM  ',24,'0918 359 248 '),(120,'user119','$2a$10$YkKKYBHGKGzAxClLDr7B5ugSAuD5z1kWoXWE4mgvxLeXRQRd.Ce4e',1,'N119','N2','Lý Văn Út ','bacsiutcamau@yahoo.com.vn ','40 Lý Thường Kiệt, P.7, TP Cà Mau ',28,'0913.722791 '),(121,'user120','$2a$10$YkKKYBHGKGzAxClLDr7B5ugSAuD5z1kWoXWE4mgvxLeXRQRd.Ce4e',1,'N120','N2','Nguyễn Hòang Cẩm Tú ','tunguyen_1234@yahoo.com ','109 Đường 10,P.4, Q.8, HCM ',30,'0909.184.797 '),(122,'user121','$2a$10$YkKKYBHGKGzAxClLDr7B5ugSAuD5z1kWoXWE4mgvxLeXRQRd.Ce4e',1,'N121','N2','Nguyễn Thị Ngọc Dung ','dungalc@hotmail.com ','MM2, Trường Sơn, P.15, Q.10, HCM ',27,'0913.735.669 '),(123,'user122','$2a$10$YkKKYBHGKGzAxClLDr7B5ugSAuD5z1kWoXWE4mgvxLeXRQRd.Ce4e',1,'N122','N2','Tôn Nữ Phương Thanh ','tonnuphuongthanh_octieu@yahoo.com.vn ','50/8, Trần Khắc Trân, P. Tân Định, Q.1, HCM ',26,'0903.822.382 '),(124,'user123','$2a$10$YkKKYBHGKGzAxClLDr7B5ugSAuD5z1kWoXWE4mgvxLeXRQRd.Ce4e',1,'N123','N2','Dương Xuân Bình ','duongxuanbinh746@yahoo.com.vn ','29/29D, Tổ 54, P.16, Q.Tân Bình, HCM ',31,'0935.222.237 '),(125,'user124','$2a$10$YkKKYBHGKGzAxClLDr7B5ugSAuD5z1kWoXWE4mgvxLeXRQRd.Ce4e',1,'N124','N2','Đinh Nho Thắng ','dinhnhothang@yahoo.com.vn ','138,Dương Đình Hội, P. Phước Long B, Q.9, HCM ',26,'0983.533.777 '),(126,'user125','$2a$10$YkKKYBHGKGzAxClLDr7B5ugSAuD5z1kWoXWE4mgvxLeXRQRd.Ce4e',1,'N125','N2','Trần Thế Long ','ttlong80@gmail.com ','195/4/1, Trần Văn Đang, P.11, Q.3, HCM ',21,'0903.330.407 '),(127,'user126','$2a$10$YkKKYBHGKGzAxClLDr7B5ugSAuD5z1kWoXWE4mgvxLeXRQRd.Ce4e',1,'N126','N2','Nguyễn Thị Mỹ Thu ','mythu910@yahoo.com ','71/26/7/25, Nguyễn Bặc, P.3, Tân Bình,HCM ',33,'0909.242.644 '),(128,'user127','$2a$10$YkKKYBHGKGzAxClLDr7B5ugSAuD5z1kWoXWE4mgvxLeXRQRd.Ce4e',1,'N127','N2','Nguyễn Thị Minh Hiếu ','minhhieung1977@yahoo.com ','27A, Thạch Thị Thanh, P. Tân Định, Q.1, HCM ',21,'0908.130.179 '),(129,'user128','$2a$10$YkKKYBHGKGzAxClLDr7B5ugSAuD5z1kWoXWE4mgvxLeXRQRd.Ce4e',1,'N128','N2','Hồ Công Danh ','danhhocong@yahoo.com ','48C, Lạc Long Quân, P,8, Q. Tân Bình, HCM ',30,'0913.728.88 '),(130,'user129','$2a$10$YkKKYBHGKGzAxClLDr7B5ugSAuD5z1kWoXWE4mgvxLeXRQRd.Ce4e',1,'N129','N2','Trần Quốc Dũng ','quocdung427@yahoo.com.vn ','433/40/38, Lý Thái Tổ, P.9, Q.10, HCM ',33,'0989.601.660 '),(131,'user130','$2a$10$YkKKYBHGKGzAxClLDr7B5ugSAuD5z1kWoXWE4mgvxLeXRQRd.Ce4e',1,'N130','N2','Lê Vũ Quỳnh Mai ','maiquynh3003@yahoo.com ','Số 6, Đường 46, P. Thảo Điền, Q.2, HCM ',21,'0907.987.340 '),(132,'user131','$2a$10$YkKKYBHGKGzAxClLDr7B5ugSAuD5z1kWoXWE4mgvxLeXRQRd.Ce4e',1,'N131','N2','Lê Minh Hải ','haisgb@yahoo.com.vn ','293/15A, Bình Tiên, P.8,Q.6, HCM ',28,'0909.238789 '),(133,'user132','$2a$10$YkKKYBHGKGzAxClLDr7B5ugSAuD5z1kWoXWE4mgvxLeXRQRd.Ce4e',1,'N132','N2','Nguyễn Thị Mỹ Chi ','mychi55@gmail.com ','102, LôH, Cư Xá Thanh Đa, P.27, Q.BT, HCM ',30,'0936.888.432 '),(134,'user133','$2a$10$YkKKYBHGKGzAxClLDr7B5ugSAuD5z1kWoXWE4mgvxLeXRQRd.Ce4e',1,'N133','N2','Lê Quang Anh ','quanganh.vl@gmail.com ','477/61/009, Nơ Trang Long, P.13, Q.BT, HCM ',30,'0986.040.986 '),(135,'user134','$2a$10$YkKKYBHGKGzAxClLDr7B5ugSAuD5z1kWoXWE4mgvxLeXRQRd.Ce4e',1,'N134','N2','Vũ Tuyết Huệ ','vthue264@gmail.com ','210 Dương Bá Trạc, Q.8, HCM ',32,'0913747748 '),(136,'user135','$2a$10$YkKKYBHGKGzAxClLDr7B5ugSAuD5z1kWoXWE4mgvxLeXRQRd.Ce4e',1,'N135','N2','Trần Thị Hòa ','trunghieuhr@gmail.com ','211 Dương Bá Trạc, Q.8, HCM ',31,'0988160666 '),(137,'user136','$2a$10$YkKKYBHGKGzAxClLDr7B5ugSAuD5z1kWoXWE4mgvxLeXRQRd.Ce4e',1,'N136','N2','Trần Trung Hiếu ','trunghieuhr@gmail.com ','17T, Tổ 35, KP 3, P. Tân Chánh Hiệp, Q.12 ',33,'1111 '),(138,'user137','$2a$10$YkKKYBHGKGzAxClLDr7B5ugSAuD5z1kWoXWE4mgvxLeXRQRd.Ce4e',1,'N137','N2','Trần Thị Mộng Tuyết ','thanhvu@hcm.com.vn ','299/16/4A, Lý Thường Kiệt, P.15, Q.11, HCM ',23,'0903.811.421 '),(139,'user138','$2a$10$YkKKYBHGKGzAxClLDr7B5ugSAuD5z1kWoXWE4mgvxLeXRQRd.Ce4e',1,'N138','N2','Trần Thái Hòa ','tranthaihoa1968@yahoo.com ','20 Chợ Đường Rày, P.25, Q.Bình Thạnh, TPHCM ',28,'0908899719 '),(140,'user139','$2a$10$YkKKYBHGKGzAxClLDr7B5ugSAuD5z1kWoXWE4mgvxLeXRQRd.Ce4e',1,'N139','N2','Trần Huy Tòan ','toanhonghung@gmail.com ','292, Điện Biên Phủ, P.22, Q.BT, HCM ',33,'0985.711.320 '),(141,'user140','$2a$10$YkKKYBHGKGzAxClLDr7B5ugSAuD5z1kWoXWE4mgvxLeXRQRd.Ce4e',1,'N140','N2','Nguyễn Tôn Hiến ','haichauan@yahoo.com ','9/33, Tổ 9, KP6, P. Linh Trung, Thủ Đức, HCM ',30,'01669038200 '),(142,'user141','$2a$10$YkKKYBHGKGzAxClLDr7B5ugSAuD5z1kWoXWE4mgvxLeXRQRd.Ce4e',1,'N141','N2','Nguyễn Văn Kết ','darkangel_vk@yahoo.com ','57/18, Hùynh Khuơng An, P.5, Q.Gò Vấp, HCM ',35,'01682709069 '),(143,'user142','$2a$10$YkKKYBHGKGzAxClLDr7B5ugSAuD5z1kWoXWE4mgvxLeXRQRd.Ce4e',1,'N142','N2','Lê Thu Phượng ','phuonglt8583@gmail.com ','159, Trần Hữu Trang, P.10, Q.PN, HCM ',32,'0902.020.585 '),(144,'user143','$2a$10$YkKKYBHGKGzAxClLDr7B5ugSAuD5z1kWoXWE4mgvxLeXRQRd.Ce4e',1,'N143','N2','Nguyễn Thị Hương Loan ','huongloan77@gmail.com ','Lô 811, Xa lộ HN, P.An Phú, Q.2, HCM ',33,'0909.282.856 '),(145,'user144','$2a$10$YkKKYBHGKGzAxClLDr7B5ugSAuD5z1kWoXWE4mgvxLeXRQRd.Ce4e',1,'N144','N2','Lâm Tuấn Nguyên ','wt_02003@yahoo.com ','104,Tam Sóc A, Mỹ Thuận,Mỹ Tú, Sóc Trăng ',24,'0984.066.867 '),(146,'user145','$2a$10$YkKKYBHGKGzAxClLDr7B5ugSAuD5z1kWoXWE4mgvxLeXRQRd.Ce4e',1,'N145','N2','Trần Thị Huỳnh Như ','funnycats79@yahoo.com ','C/C 346, Số 504, lô 1, Đường Phan Văn Trị,P.11, Q.BT, HCM ',20,'0902.638679 '),(147,'user146','$2a$10$YkKKYBHGKGzAxClLDr7B5ugSAuD5z1kWoXWE4mgvxLeXRQRd.Ce4e',1,'N146','N2','Nguyễn Khánh Nhật ','hoangtu_a52002@yahoo.com ','8B, Cư Xá Tân Cảng, P.25, Q.BT, HCM ',27,'0908.220.985 '),(148,'user147','$2a$10$YkKKYBHGKGzAxClLDr7B5ugSAuD5z1kWoXWE4mgvxLeXRQRd.Ce4e',1,'N147','N2','Lê Văn Đáng ','danglv@pvdrilling.com.vn ','60/9/3, Đường số 2, Hiệp Bình Phước, Quận Thủ Đức, TPHCM ',27,'0982343506 '),(149,'user148','$2a$10$YkKKYBHGKGzAxClLDr7B5ugSAuD5z1kWoXWE4mgvxLeXRQRd.Ce4e',1,'N148','N2','Trần Thị Thu Hòan ','hoanbvbni@yahoo.com.vn ','Chung cư 35, Nguyễn Văn Tráng, P.Bến Thành, Q.1, HCM ',31,'0982.447.283 '),(150,'user149','$2a$10$YkKKYBHGKGzAxClLDr7B5ugSAuD5z1kWoXWE4mgvxLeXRQRd.Ce4e',1,'N149','N2','Hàng Khánh Huy ','hangkhanhhuy@yahoo.com ','439 Lê Quang Định,p.5, Q.Bình Thạnh, HCM ',32,'0903804505 '),(151,'user150','$2a$10$YkKKYBHGKGzAxClLDr7B5ugSAuD5z1kWoXWE4mgvxLeXRQRd.Ce4e',1,'N150','N2','Phạm Thị Thùy Dương ','cun_con22ot@yahoo.com ','18 Đường số 2 căn cứ 26c, F7, Gò Vấp ',35,'01227061893 '),(152,'user151','$2a$10$YkKKYBHGKGzAxClLDr7B5ugSAuD5z1kWoXWE4mgvxLeXRQRd.Ce4e',1,'N151','N2','Nguyễn Thị Bạch Phượng ','phuongtrang07@gmail.com ','19 Đường số 2 căn cứ 26c, F7, Gò Vấp ',31,'0909050769 '),(153,'user152','$2a$10$YkKKYBHGKGzAxClLDr7B5ugSAuD5z1kWoXWE4mgvxLeXRQRd.Ce4e',1,'N152','N2','Nguyễn Thị Bạch Yến ','YEN_NGUYEN652000@yahoo.com ','15/69 Võ Duy Ninh,P.22,Q.Bình Thạnh ',26,'0913982889 '),(154,'user153','$2a$10$YkKKYBHGKGzAxClLDr7B5ugSAuD5z1kWoXWE4mgvxLeXRQRd.Ce4e',1,'N153','N2','Lê Văn Khôi ','lvkhoi@pvfcco.com.vn ','Phòng C2 lầu 9 chung cư Nguyễn Phúc Nguyên,P.10, Q3 ',24,'0947878668 '),(155,'user154','$2a$10$YkKKYBHGKGzAxClLDr7B5ugSAuD5z1kWoXWE4mgvxLeXRQRd.Ce4e',1,'N154','N2','Nguyễn Tài Nam ','dr.men3230@yahoo.com ','Phòng C2 lầu 9 chung cư Nguyễn Phúc Nguyên,P.10, Q3 ',33,'01222211988 '),(156,'user155','$2a$10$YkKKYBHGKGzAxClLDr7B5ugSAuD5z1kWoXWE4mgvxLeXRQRd.Ce4e',1,'N155','N2','Trần Tiến Thành ','trantienthanh1988@gmail.com ','2/28, Đường 147,P. Tăng Nhơn Phú B, Q.9, HCM ',32,'0908388507 '),(157,'user156','$2a$10$YkKKYBHGKGzAxClLDr7B5ugSAuD5z1kWoXWE4mgvxLeXRQRd.Ce4e',1,'N156','N2','Nguyễn Phúc Khánh ','thuyphuc.nguyen@gmail.com ','361/7 Nguyễn Đình Chiểu,P5,Q3 ',32,'0913751990 '),(158,'user157','$2a$10$YkKKYBHGKGzAxClLDr7B5ugSAuD5z1kWoXWE4mgvxLeXRQRd.Ce4e',1,'N157','N2','Nguyễn Mạnh Cường ','acuongvn2000@gmail.com ','5/1 đường Đồ Sơn,P4,Q.Tân Bình ',29,'0904481648 '),(159,'user158','$2a$10$YkKKYBHGKGzAxClLDr7B5ugSAuD5z1kWoXWE4mgvxLeXRQRd.Ce4e',1,'N158','N2','Bùi Vũ Thục Đoan ','doan_245@yahoo.com ','24/434 A Thống Nhất, P.15, Q.Gò Vấp ',33,'0909307607 '),(160,'user159','$2a$10$YkKKYBHGKGzAxClLDr7B5ugSAuD5z1kWoXWE4mgvxLeXRQRd.Ce4e',1,'N159','N2','Nguyễn Hoàng Nam ','nammap1978@yahoo.com.vn ','38/11/2A KP6 Trường Thọ,Thủ Đức.TP.HCM ',29,'0984016601 '),(161,'user160','$2a$10$YkKKYBHGKGzAxClLDr7B5ugSAuD5z1kWoXWE4mgvxLeXRQRd.Ce4e',1,'N160','N2','Nguyễn Vinh Khánh Toàn ','nvktnt@yahoo.com.vn ','178/4/12H1 Phan Đăng Lưu,P3,Q.Phú Nhuận ',31,'0909112172 '),(162,'user161','$2a$10$YkKKYBHGKGzAxClLDr7B5ugSAuD5z1kWoXWE4mgvxLeXRQRd.Ce4e',1,'N161','N2','Trần Ngọc Hùng ','ngohu@yahoo.com ','200/48 Lê Văn Việt, P.Tăng Nhơn Phú B,Q.9 ',34,'0909667977 '),(163,'user162','$2a$10$YkKKYBHGKGzAxClLDr7B5ugSAuD5z1kWoXWE4mgvxLeXRQRd.Ce4e',1,'N162','N2','Lê Minh Thắng ','clragonthang@yahoo.com ','20/17 KP5 Dầu Tiếng Bình Dương ',23,'0908446644 '),(164,'user163','$2a$10$YkKKYBHGKGzAxClLDr7B5ugSAuD5z1kWoXWE4mgvxLeXRQRd.Ce4e',1,'N163','N2','Nguyễn Phúc Thảo ','thuyphuc.nguyen@gmail.com ','361/7 Nguyễn Đình Chiểu,P5,Q3 ',24,'0913752990 '),(165,'user164','$2a$10$YkKKYBHGKGzAxClLDr7B5ugSAuD5z1kWoXWE4mgvxLeXRQRd.Ce4e',1,'N164','N2','Trần Thị Thúy Hà ','tttha@baominh.om.vn ','30/07 Bùi Thế Mỹ,P.Hiệp Tân,Q.Tân Phú ',25,'0908664879 '),(166,'user165','$2a$10$YkKKYBHGKGzAxClLDr7B5ugSAuD5z1kWoXWE4mgvxLeXRQRd.Ce4e',1,'N165','N2','Nguyễn Thị Thùy Nhung ','nguyenthuy0152@yahoo.com ','666/64/18 đường 3/2,P14,Q10 ',30,'0938515658 '),(167,'user166','$2a$10$YkKKYBHGKGzAxClLDr7B5ugSAuD5z1kWoXWE4mgvxLeXRQRd.Ce4e',1,'N166','N2','Nguyễn Hữu Hoàng Nguyên ','airport.hcm@aomlogistics.com ','89 Phan Vãn Tình,TT Thủ Thừa,Thủ Thừa,Long An ',28,'0908558858 '),(168,'user167','$2a$10$YkKKYBHGKGzAxClLDr7B5ugSAuD5z1kWoXWE4mgvxLeXRQRd.Ce4e',1,'N167','N2','Vương Thanh Viễn ','vuongthanhvienart@yahoo.com ','288/5 Dương bá Trạc,P2,Q8,Tp.HCM ',26,'0918676097 '),(169,'user168','$2a$10$YkKKYBHGKGzAxClLDr7B5ugSAuD5z1kWoXWE4mgvxLeXRQRd.Ce4e',1,'N168','N2','Lê Thị Hải Yến ','leyen.dl@gmail.com ','L6 KDC Hồng Long,Quốc Lộ 13,P.Hiệp Bình Phước,TĐ ',27,'0907167455 '),(170,'user169','$2a$10$YkKKYBHGKGzAxClLDr7B5ugSAuD5z1kWoXWE4mgvxLeXRQRd.Ce4e',1,'N169','N2','Lê Gia Thức ','legiathuc@gmail.com ','736 Nguyễn Kiệm P4 Phú Nhuận HCM ',34,'0903712830 '),(171,'user170','$2a$10$YkKKYBHGKGzAxClLDr7B5ugSAuD5z1kWoXWE4mgvxLeXRQRd.Ce4e',1,'N170','N2','Nguyễn Đức Dũng ','ducdung@viettien.com.vn ','698 Nguyễn Kiệm phường 4 Phú Nhuận HCM ',30,'0903656465 '),(172,'user171','$2a$10$YkKKYBHGKGzAxClLDr7B5ugSAuD5z1kWoXWE4mgvxLeXRQRd.Ce4e',1,'N171','N2','Trần Duy Hưng ','hungchuatd@tamlong.com ','7/C7 Ấp 3,Xã An Phú,thuận An,Bình Dương ',32,'0908468946 '),(173,'user172','$2a$10$YkKKYBHGKGzAxClLDr7B5ugSAuD5z1kWoXWE4mgvxLeXRQRd.Ce4e',1,'N172','N2','Nguyễn Duy Linh ','nguyenlinh.8888@gmail.com ','P.Tân Giang, tx Hà Tĩnh, hà Tĩnh ',22,'0902660355 '),(174,'user173','$2a$10$YkKKYBHGKGzAxClLDr7B5ugSAuD5z1kWoXWE4mgvxLeXRQRd.Ce4e',1,'N173','N2','Trần Nhật Vĩnh ','trannhatvinh@gmail.com ','45/1 Đồng Xoài P.13 Q. Tân Bình ',34,'0932345610 '),(175,'user174','$2a$10$YkKKYBHGKGzAxClLDr7B5ugSAuD5z1kWoXWE4mgvxLeXRQRd.Ce4e',1,'N174','N2','Nguyễn Lan Hương ','nlhuong@cityford.com.vn ','104/1 Huỳnh Mẫn Đạt, P.2, Q.5, TP.Hồ Chí Minh ',26,'0913895976 '),(176,'user175','$2a$10$YkKKYBHGKGzAxClLDr7B5ugSAuD5z1kWoXWE4mgvxLeXRQRd.Ce4e',1,'N175','N2','Phan Thị Lệ ','lephan_82@yahoo.com ','70/7 Xô Viết Nghệ Tĩnh, P.21, Q.Bình Thạnh, TP.HCM ',22,'0977835885 '),(177,'user176','$2a$10$YkKKYBHGKGzAxClLDr7B5ugSAuD5z1kWoXWE4mgvxLeXRQRd.Ce4e',1,'N176','N2','Phan Bảo Trung ','trunghi668@yahoo.com ','23/37A Hòa Hưng, P.12, Q.10, TP.HCM ',23,'0938168368 '),(178,'user177','$2a$10$YkKKYBHGKGzAxClLDr7B5ugSAuD5z1kWoXWE4mgvxLeXRQRd.Ce4e',1,'N177','N2','Lê Thị Thái Hà ','thithaihale@gmail.com ','97 Lương Đình Của,P.An Khánh,Q2 ',34,'0908025229 '),(179,'user178','$2a$10$YkKKYBHGKGzAxClLDr7B5ugSAuD5z1kWoXWE4mgvxLeXRQRd.Ce4e',1,'N178','N2','Tạ Quang Lâm ','e_e5640@yahoo.com ','TT KT3 45 Paster Q.1,HCM ',32,'01689655955 '),(180,'user179','$2a$10$YkKKYBHGKGzAxClLDr7B5ugSAuD5z1kWoXWE4mgvxLeXRQRd.Ce4e',1,'N179','N2','Thái Thị Hồng Châu ','hongchautt@vfc.com.vn ','10A Lê Thánh Tôn, P.Bến Nghé, Q.1, TP.HCM ',27,'0903920662 '),(181,'user180','$2a$10$YkKKYBHGKGzAxClLDr7B5ugSAuD5z1kWoXWE4mgvxLeXRQRd.Ce4e',1,'N180','N2','Tô Vũ Quang ','vuquang_76@yahoo.com ','2/5C Đồng Nai,Q10,TP.HCM ',29,'0979308590 '),(182,'user181','$2a$10$YkKKYBHGKGzAxClLDr7B5ugSAuD5z1kWoXWE4mgvxLeXRQRd.Ce4e',1,'N181','N2','Trịnh Trung Trưởng ','truong_civil75@yahoo.com ','35/97 Xô Viết Nghệ Tĩnh, P.17, Q.Bình Thạnh, TP.HCM ',22,'0913710465 '),(183,'user182','$2a$10$YkKKYBHGKGzAxClLDr7B5ugSAuD5z1kWoXWE4mgvxLeXRQRd.Ce4e',1,'N182','N2','Nguyễn Anh Nga ','nganghe83@yahoo.com ','Định Liên, Yên Định, Thanh Hóa ',22,'0974686999 '),(184,'user183','$2a$10$YkKKYBHGKGzAxClLDr7B5ugSAuD5z1kWoXWE4mgvxLeXRQRd.Ce4e',1,'N183','N2','Nguyễn Hồng Vinh ','gsaigon@gmail.com ','26/23A Tân Thành,P.tân Thành,Q.Tân Phú ',25,'0933200080 '),(185,'user184','$2a$10$YkKKYBHGKGzAxClLDr7B5ugSAuD5z1kWoXWE4mgvxLeXRQRd.Ce4e',1,'N184','N2','Quách Kha Chen ','khachen_dtcl@yahoo.com ','26/23A Tân Thành,P.Tân Thành,Q.Tân Phú ',27,'0988030439 '),(186,'user185','$2a$10$YkKKYBHGKGzAxClLDr7B5ugSAuD5z1kWoXWE4mgvxLeXRQRd.Ce4e',1,'N185','N2','Tô Dũng Tiến ','tientodung@gmail.com ','132, Đường 43, P.Tân Quy, Q.7, HCM ',20,'0988.077.708 '),(187,'user186','$2a$10$YkKKYBHGKGzAxClLDr7B5ugSAuD5z1kWoXWE4mgvxLeXRQRd.Ce4e',1,'N186','N2','Đào Thị Thu Thủy ','thuydt@saigonnewpart.com.vn ','B7 lầu 7 c/c thế kỷ 21,326/1 Ung Văn Khiêm,P25,Q.Bình Thạnh ',21,'0983304525 '),(188,'user187','$2a$10$YkKKYBHGKGzAxClLDr7B5ugSAuD5z1kWoXWE4mgvxLeXRQRd.Ce4e',1,'N187','N2','Nguyễn Văn Minh ','minhnguyen_05@yahoo.com ','Hồng Long ,NAm Đàn ,Nghệ An ',22,'0977738902 '),(189,'user188','$2a$10$YkKKYBHGKGzAxClLDr7B5ugSAuD5z1kWoXWE4mgvxLeXRQRd.Ce4e',1,'N188','N2','Trần Đức Duy ','duytd117@yahoo.com ','11 lô H c/c Nguyễn Thiện Thuật,P1,Q3 ',27,'0983311725 '),(190,'user189','$2a$10$YkKKYBHGKGzAxClLDr7B5ugSAuD5z1kWoXWE4mgvxLeXRQRd.Ce4e',1,'N189','N2','Trần Trung Đông ','dongtrantrung@yahoo.com ','33/5/14, Ấp Tam Đa, Đ.Long Thuận, P. Trường Thạnh, HCM ',35,'0707.728.842 '),(191,'user190','$2a$10$YkKKYBHGKGzAxClLDr7B5ugSAuD5z1kWoXWE4mgvxLeXRQRd.Ce4e',1,'N190','N2','NGUYỄN QUỐC DŨNG ','nqdung@saigonnewport.com.vn ','405/b12 Xô viết nghệ tĩnh , P.24 , Bình Thạnh, TP.HCM ',35,'0903.667.611 '),(192,'user191','$2a$10$YkKKYBHGKGzAxClLDr7B5ugSAuD5z1kWoXWE4mgvxLeXRQRd.Ce4e',1,'N191','N2','Nguyễn Thanh Hà ','qkien94@gmail.com ','89, Nguyễn Phi Khanh, P.Tân Định,Q.1, HCM ',23,'0989.016.229 '),(193,'user192','$2a$10$YkKKYBHGKGzAxClLDr7B5ugSAuD5z1kWoXWE4mgvxLeXRQRd.Ce4e',1,'N192','N2','Nguyễn Thế Trường ','truongthenguyen@gmail.com ','72/3 Nguyễn Lâm, P.7, Q.Phú Nhuận, TPHCM ',33,'0913627550 '),(194,'user193','$2a$10$YkKKYBHGKGzAxClLDr7B5ugSAuD5z1kWoXWE4mgvxLeXRQRd.Ce4e',1,'N193','N3','Hòang Lê Trung ','hltrung@saigonnewport.com.vn ','183/9C,1, Điện Biên Phủ, P.21, BT, HCM ',20,'0889.250.589 '),(195,'user194','$2a$10$YkKKYBHGKGzAxClLDr7B5ugSAuD5z1kWoXWE4mgvxLeXRQRd.Ce4e',1,'N194','N3','Nguyễn Thái Dương ','duong.business@gmail.com ','80/9 B13, Tân Hòa Đông, P.14, Q.6, HCM  ',24,'0933.886.733 '),(196,'user195','$2a$10$YkKKYBHGKGzAxClLDr7B5ugSAuD5z1kWoXWE4mgvxLeXRQRd.Ce4e',1,'N195','N3','Hoàng Liên Sơn ','vmsvnpt@gmail.com ','P115C c/c Ehome 86 Dương Đình Hội,Phước Long B,Q9 ',31,'0908220506 '),(197,'user196','$2a$10$YkKKYBHGKGzAxClLDr7B5ugSAuD5z1kWoXWE4mgvxLeXRQRd.Ce4e',1,'N196','N3','Ngô Thục Viên ','ngovu3009@yahoo.com ','82/14/9 NGuyễn Xí,P26,Q.Bình Thạnh ',21,'0908292414 '),(198,'user197','$2a$10$YkKKYBHGKGzAxClLDr7B5ugSAuD5z1kWoXWE4mgvxLeXRQRd.Ce4e',1,'N197','N3','Bùi Danh Hường ','buidanhhuong@gmail.com ','A304 cc Ehome Dương Đình Hội,Phước Long B, Q9 ',34,'0909344837 '),(199,'user198','$2a$10$YkKKYBHGKGzAxClLDr7B5ugSAuD5z1kWoXWE4mgvxLeXRQRd.Ce4e',1,'N198','N3','Cù Thị Tuyết ','chipkhoi2005@yahoo.com ','321 c/c1 Bàn Cát,P14,Tân Bình ',26,'0978312468 '),(200,'user199','$2a$10$YkKKYBHGKGzAxClLDr7B5ugSAuD5z1kWoXWE4mgvxLeXRQRd.Ce4e',1,'N199','N3','Vũ Đình Dũng ','dinhdung7179@yahoo.com ','12/5 Ngô Sỹ Liên,P.Tân Sơn,TP.Thanh Hóa ',34,'0908504324 '),(201,'user200','$2a$10$YkKKYBHGKGzAxClLDr7B5ugSAuD5z1kWoXWE4mgvxLeXRQRd.Ce4e',1,'N200','N3','Nguyễn Thị Thanh Hằng ','hangthanhnguyen@holcim.com ','356 Huỳnh Tấn Phát,BÌnh Thuận,Q7 ',33,'38724279 '),(202,'user201','$2a$10$YkKKYBHGKGzAxClLDr7B5ugSAuD5z1kWoXWE4mgvxLeXRQRd.Ce4e',1,'N201','N3','Đỗ Duy Xuyên ','xuyendo@tafieo.vn ','314 cc An Hòa 1,Trần Trọng Cung,Tân Thuận Đông,Q7 ',34,'0984380380 '),(203,'user202','$2a$10$YkKKYBHGKGzAxClLDr7B5ugSAuD5z1kWoXWE4mgvxLeXRQRd.Ce4e',1,'N202','N3','Trần Viết Chung ','chung9551@yahoo.com ','315 cc An Hòa 1,Trần Trọng Cung,Tân Thuận Đông,Q7 ',35,'01687825961 '),(204,'user203','$2a$10$YkKKYBHGKGzAxClLDr7B5ugSAuD5z1kWoXWE4mgvxLeXRQRd.Ce4e',1,'N203','N3','Nguyễn Nam Hiếu ','hieu.nguyen@alamvn.com ','104/1, Huỳnh Mẫn Đạt, P.2, Q. 5, HCM ',34,'0903.077.145 '),(205,'user204','$2a$10$YkKKYBHGKGzAxClLDr7B5ugSAuD5z1kWoXWE4mgvxLeXRQRd.Ce4e',1,'N204','N3','Vũ Hòai Nam ','hnam0904@yahoo.com ','359B2, Nguyễn Trọng Tuyển, P.1, Tân Bình, HCM ',29,'0908.225.588 '),(206,'user205','$2a$10$YkKKYBHGKGzAxClLDr7B5ugSAuD5z1kWoXWE4mgvxLeXRQRd.Ce4e',1,'N205','N3','Phan Vũ Huyền Trâm ','viden2002@yahoo.com ','38, Tân Canh, P1, Q. Tân Bình, HCM ',28,'0918.281.846 '),(207,'user206','$2a$10$YkKKYBHGKGzAxClLDr7B5ugSAuD5z1kWoXWE4mgvxLeXRQRd.Ce4e',1,'N206','N3','Trần Văn Sâm ','tranvansam123@yahoo.com.vn ','460/4/24, Lê Văn Luơng, P. Tân Phong, Q.7, HCM ',23,'0918.001.869 '),(208,'user207','$2a$10$YkKKYBHGKGzAxClLDr7B5ugSAuD5z1kWoXWE4mgvxLeXRQRd.Ce4e',1,'N207','N3','Phan Văn Tùng ','phanvantungpsc@yahoo.com.vn ','B3A 05 C/C Botanic, 312 Nguyễn Thượng Hiền, P.5, Q.PN, HCM ',26,'0903.824.779 '),(209,'user208','$2a$10$YkKKYBHGKGzAxClLDr7B5ugSAuD5z1kWoXWE4mgvxLeXRQRd.Ce4e',1,'N208','N3','Trần Văn Chương ','tvchuong75@yahoo.com ','184 Đường số 9, Khu Tân Mỹ, P Tân Phú, Q.7 , TP.HCM ',21,'0908188699 '),(210,'user209','$2a$10$YkKKYBHGKGzAxClLDr7B5ugSAuD5z1kWoXWE4mgvxLeXRQRd.Ce4e',1,'N209','N3','Nguyễn Anh Tuấn ','tuananh_zip_0101@yahoo.com ','534/12, D1, Điện Biên Phủ, Q.BT, HCM ',20,'0982.399.355 '),(211,'user210','$2a$10$YkKKYBHGKGzAxClLDr7B5ugSAuD5z1kWoXWE4mgvxLeXRQRd.Ce4e',1,'N210','N3','Dương Nguyễn Trà My ','ahhalife@yahoo.com ','525 Nguyễn Thị Định, P.CL, QF.2, HCM ',24,'0984.714.312 '),(212,'user211','$2a$10$YkKKYBHGKGzAxClLDr7B5ugSAuD5z1kWoXWE4mgvxLeXRQRd.Ce4e',1,'N211','N3','Thới Ngọc Huy ','thoingochuy@yahoo.com ','LôS1_S2, Cao Ốc An Cư, Đ. 8B, KĐTM An Phú An Khánh, Q.2, HCM ',21,'0989.876.956 '),(213,'user212','$2a$10$YkKKYBHGKGzAxClLDr7B5ugSAuD5z1kWoXWE4mgvxLeXRQRd.Ce4e',1,'N212','N3','Quách Thái Bảo ','quachthaibao@yahoo.com ','553, Trần Hưng Đạo, TP Long Xuyên, T. An Giang ',30,'0903.986.609 '),(214,'user213','$2a$10$YkKKYBHGKGzAxClLDr7B5ugSAuD5z1kWoXWE4mgvxLeXRQRd.Ce4e',1,'N213','N3','Phạm Phú Tây Nguyên ','nguyen_phamphu@yahoo.com ','82/43/14, ĐS2, KP 6, Hiệp Bình Phước, Thủ Đức ',24,'0913.175.929 '),(215,'user214','$2a$10$YkKKYBHGKGzAxClLDr7B5ugSAuD5z1kWoXWE4mgvxLeXRQRd.Ce4e',1,'N214','N3','Trương Văn Vĩnh ','truongvinh767@yahoo.com ','31 tầng 8 CC Cửu Long, P.13, Q.BT, HCM ',25,'0938207789 '),(216,'user215','$2a$10$YkKKYBHGKGzAxClLDr7B5ugSAuD5z1kWoXWE4mgvxLeXRQRd.Ce4e',1,'N215','N3','Đinh Thị Hương ','dthuong.mbbank@gmail.com ','32 tầng 8 CC Cửu Long, P.13, Q.BT, HCM ',23,'0918607121 '),(217,'user216','$2a$10$YkKKYBHGKGzAxClLDr7B5ugSAuD5z1kWoXWE4mgvxLeXRQRd.Ce4e',1,'N216','N3','Đặng Thị Thanh Lan ','thanhlan0106@yahoo.com.vn ','Số 20, Huỳnh Văn Cọ, KP6, Thị trấn Củ Chi, HCM ',25,'0976317286 '),(218,'user217','$2a$10$YkKKYBHGKGzAxClLDr7B5ugSAuD5z1kWoXWE4mgvxLeXRQRd.Ce4e',1,'N217','N3','Phan Thị Hải Anh ','violet9883@yahoo.com ','24, đường số 7, P. HBC, Q. Thủ Đức, HCM ',23,'0907267696 '),(219,'user218','$2a$10$YkKKYBHGKGzAxClLDr7B5ugSAuD5z1kWoXWE4mgvxLeXRQRd.Ce4e',1,'N218','N3','Nguyễn Thị Thúy ','bantaynho09@yahoo.com ','9, Giải Phóng, P4, Q.Tân Bình, HCM ',28,'0986102681 '),(220,'user219','$2a$10$YkKKYBHGKGzAxClLDr7B5ugSAuD5z1kWoXWE4mgvxLeXRQRd.Ce4e',1,'N219','N3','Nguyễn Thị Tường Vi ','kfc1902@yahoo.com ','9, Giải Phóng, P4, Q.Tân Bình, HCM ',23,'01226769871 '),(221,'user220','$2a$10$YkKKYBHGKGzAxClLDr7B5ugSAuD5z1kWoXWE4mgvxLeXRQRd.Ce4e',1,'N220','N3','Hồ Nguyễn Phương Ngân ','phuongngan@grtoyota-tsusho.com ','118/890, Nguyễn Kiệm, P.3, Q. GV, HCM ',27,'0903.117.068 '),(222,'user221','$2a$10$YkKKYBHGKGzAxClLDr7B5ugSAuD5z1kWoXWE4mgvxLeXRQRd.Ce4e',1,'N221','N3','Phạm Việt Hà ','vietha_224@yahoo.com ','134/18, Phú Hòa, TX Thủ Dầu Một, Bình Dương ',27,'0913629306 '),(223,'user222','$2a$10$YkKKYBHGKGzAxClLDr7B5ugSAuD5z1kWoXWE4mgvxLeXRQRd.Ce4e',1,'N222','N3','Lương Thị Bích Trâm ','luongbichtram315@yahoo.com ','457 Đại Lộ Bình Dương, P.Phú Cường, TXTDM, Bình Dương ',26,'0909848204 '),(224,'user223','$2a$10$YkKKYBHGKGzAxClLDr7B5ugSAuD5z1kWoXWE4mgvxLeXRQRd.Ce4e',1,'N223','N3','Từ Thúy Diễm ','tu.thuy.diem@gmail.com ','20 Huỳnh Khương Ninh, P.ĐaKao, Q.1, TP.HCM ',22,'0984945121 '),(225,'user224','$2a$10$YkKKYBHGKGzAxClLDr7B5ugSAuD5z1kWoXWE4mgvxLeXRQRd.Ce4e',1,'N224','N3','Lê Thành Thắng ','lethanhthang1@yahoo.com ','21 Huỳnh Khương Ninh, P.ĐaKao, Q.1, TP.HCM ',21,'01236968125 '),(226,'user225','$2a$10$YkKKYBHGKGzAxClLDr7B5ugSAuD5z1kWoXWE4mgvxLeXRQRd.Ce4e',1,'N225','N3','Chương Anh Khoa ','chuonganhkhoa@yahoo.com ','26, Nguyễn Tử Nha, P12, Q Tân Bình, HCM ',35,'0907835538 '),(227,'user226','$2a$10$YkKKYBHGKGzAxClLDr7B5ugSAuD5z1kWoXWE4mgvxLeXRQRd.Ce4e',1,'N226','N3','Nguyễn Minh Bảo ','z3ncode@yahoo.com ','Bắc Phương Danh Đập Đá, An Nhơn, Bình Định ',33,'0902006234 '),(228,'user227','$2a$10$YkKKYBHGKGzAxClLDr7B5ugSAuD5z1kWoXWE4mgvxLeXRQRd.Ce4e',1,'N227','N3','Nguyễn Thị Bích Thảo ','bichthao230186@gmail.com ','115 Lạc Long Quân, P.10, Q.Tân Bình, TP.HCM ',35,'0906406799 '),(229,'user228','$2a$10$YkKKYBHGKGzAxClLDr7B5ugSAuD5z1kWoXWE4mgvxLeXRQRd.Ce4e',1,'N228','N3','Nguyễn Thanh Tùng Châu ','cscchau@yahoo.com ','116 Lạc Long Quân, P.10, Q.Tân Bình, TP.HCM ',24,'0989026689 '),(230,'user229','$2a$10$YkKKYBHGKGzAxClLDr7B5ugSAuD5z1kWoXWE4mgvxLeXRQRd.Ce4e',1,'N229','N3','Võ Anh Vũ ','voanhvu873403@gmail.com ','28 Cửu Long, Nha Trang, Khánh Hòa ',26,'0975433482 '),(231,'user230','$2a$10$YkKKYBHGKGzAxClLDr7B5ugSAuD5z1kWoXWE4mgvxLeXRQRd.Ce4e',1,'N230','N3','Lê Tấn Cường ','cuongletan67@yahoo.com ','29 Cửu Long, Nha Trang, Khánh Hòa ',24,'0903663760 '),(232,'user231','$2a$10$YkKKYBHGKGzAxClLDr7B5ugSAuD5z1kWoXWE4mgvxLeXRQRd.Ce4e',1,'N231','N3','Nguyễn Văn Tú ','wallace_722@yahoo.com ','30 Cửu Long, Nha Trang, Khánh Hòa ',34,'0914700701 '),(233,'user232','$2a$10$YkKKYBHGKGzAxClLDr7B5ugSAuD5z1kWoXWE4mgvxLeXRQRd.Ce4e',1,'N232','N3','Lê Anh Tấn Phương ','socola3839@yahoo.com ','31 Cửu Long, Nha Trang, Khánh Hòa ',34,'0909703978 '),(234,'user233','$2a$10$YkKKYBHGKGzAxClLDr7B5ugSAuD5z1kWoXWE4mgvxLeXRQRd.Ce4e',1,'N233','N3','Nguyễn Kiến Thiết ','thietnk@yahoo.com.vn ','32 Cửu Long, Nha Trang, Khánh Hòa ',31,'0908046689 '),(235,'user234','$2a$10$YkKKYBHGKGzAxClLDr7B5ugSAuD5z1kWoXWE4mgvxLeXRQRd.Ce4e',1,'N234','N3','Nguyễn Hoàng Bình ','hviet123@yahoo.com ','14E3, KP1, P. Thảo Điền, Q.2, HCM ',23,'0908682687 '),(236,'user235','$2a$10$YkKKYBHGKGzAxClLDr7B5ugSAuD5z1kWoXWE4mgvxLeXRQRd.Ce4e',1,'N235','N3','Trần Thanh Hải ','haitran219@gmail.com ','92 đường 3/2, Q. Hải Châu, Tp. Đà Nẵng ',35,'0905190087 '),(237,'user236','$2a$10$YkKKYBHGKGzAxClLDr7B5ugSAuD5z1kWoXWE4mgvxLeXRQRd.Ce4e',1,'N236','N3','Trần Thị Thanh Trầm ','thanhtram2510@gmail.com ','Thôn 4, Nghĩa Lâm, Tư Nghĩa, Quảng Ngãi ',31,'01689022655 '),(238,'user237','$2a$10$YkKKYBHGKGzAxClLDr7B5ugSAuD5z1kWoXWE4mgvxLeXRQRd.Ce4e',1,'N237','N3','Lâm Trung Chính ','chinhlt2605@gmail.com ','Thôn 4, Nghĩa Lâm, Tư Nghĩa, Quảng Ngãi ',20,'0903070371 ');
/*!40000 ALTER TABLE `employee` ENABLE KEYS */;
UNLOCK TABLES;

--
-- Table structure for table `employee_project`
--

DROP TABLE IF EXISTS `employee_project`;
/*!40101 SET @saved_cs_client     = @@character_set_client */;
/*!40101 SET character_set_client = utf8 */;
CREATE TABLE `employee_project` (
  `emp_pro_id` bigint(20) NOT NULL,
  `employee_id` bigint(20) NOT NULL,
  `project_id` bigint(20) NOT NULL,
  `month` int(11) DEFAULT NULL,
  `year` int(11) DEFAULT NULL,
  `status` tinyint(1) DEFAULT '1',
  `expect` float NOT NULL,
  `start_date` date NOT NULL,
  `end_date` date DEFAULT NULL,
  PRIMARY KEY (`emp_pro_id`),
  UNIQUE KEY `employee_project_UK` (`employee_id`,`project_id`),
  KEY `employee_project_FK2` (`project_id`),
  CONSTRAINT `employee_project_FK1` FOREIGN KEY (`employee_id`) REFERENCES `employee` (`employee_id`),
  CONSTRAINT `employee_project_FK2` FOREIGN KEY (`project_id`) REFERENCES `project` (`project_id`)
) ENGINE=InnoDB DEFAULT CHARSET=utf8;
/*!40101 SET character_set_client = @saved_cs_client */;

--
-- Dumping data for table `employee_project`
--

LOCK TABLES `employee_project` WRITE;
/*!40000 ALTER TABLE `employee_project` DISABLE KEYS */;
/*!40000 ALTER TABLE `employee_project` ENABLE KEYS */;
UNLOCK TABLES;

--
-- Table structure for table `group`
--

DROP TABLE IF EXISTS `group`;
/*!40101 SET @saved_cs_client     = @@character_set_client */;
/*!40101 SET character_set_client = utf8 */;
CREATE TABLE `group` (
  `group_id` varchar(5) NOT NULL,
  `name` varchar(50) NOT NULL,
  PRIMARY KEY (`group_id`)
) ENGINE=InnoDB DEFAULT CHARSET=utf8;
/*!40101 SET character_set_client = @saved_cs_client */;

--
-- Dumping data for table `group`
--

LOCK TABLES `group` WRITE;
/*!40000 ALTER TABLE `group` DISABLE KEYS */;
INSERT INTO `group` VALUES ('N1','Khối N1'),('N2','Khối N2'),('N3','Khối N3');
/*!40000 ALTER TABLE `group` ENABLE KEYS */;
UNLOCK TABLES;

--
-- Table structure for table `group_ifi`
--

DROP TABLE IF EXISTS `group_ifi`;
/*!40101 SET @saved_cs_client     = @@character_set_client */;
/*!40101 SET character_set_client = utf8 */;
CREATE TABLE `group_ifi` (
  `group_id` varchar(255) NOT NULL,
  `name` varchar(255) DEFAULT NULL,
  PRIMARY KEY (`group_id`)
) ENGINE=InnoDB DEFAULT CHARSET=utf8;
/*!40101 SET character_set_client = @saved_cs_client */;

--
-- Dumping data for table `group_ifi`
--

LOCK TABLES `group_ifi` WRITE;
/*!40000 ALTER TABLE `group_ifi` DISABLE KEYS */;
INSERT INTO `group_ifi` VALUES ('N1','Khối N1'),('N2','Khối N2'),('N3','Khối N3'),('N4','Khối N4');
/*!40000 ALTER TABLE `group_ifi` ENABLE KEYS */;
UNLOCK TABLES;

--
-- Table structure for table `persistent_logins`
--

DROP TABLE IF EXISTS `persistent_logins`;
/*!40101 SET @saved_cs_client     = @@character_set_client */;
/*!40101 SET character_set_client = utf8 */;
CREATE TABLE `persistent_logins` (
  `username` varchar(64) NOT NULL,
  `series` varchar(64) NOT NULL,
  `token` varchar(64) NOT NULL,
  `last_used` timestamp NOT NULL DEFAULT CURRENT_TIMESTAMP ON UPDATE CURRENT_TIMESTAMP,
  PRIMARY KEY (`series`)
) ENGINE=InnoDB DEFAULT CHARSET=utf8;
/*!40101 SET character_set_client = @saved_cs_client */;

--
-- Dumping data for table `persistent_logins`
--

LOCK TABLES `persistent_logins` WRITE;
/*!40000 ALTER TABLE `persistent_logins` DISABLE KEYS */;
/*!40000 ALTER TABLE `persistent_logins` ENABLE KEYS */;
UNLOCK TABLES;

--
-- Table structure for table `project`
--

DROP TABLE IF EXISTS `project`;
/*!40101 SET @saved_cs_client     = @@character_set_client */;
/*!40101 SET character_set_client = utf8 */;
CREATE TABLE `project` (
  `project_id` bigint(20) NOT NULL,
  `name` varchar(100) NOT NULL,
  `group_id` varchar(5) DEFAULT NULL,
  `code` varchar(10) DEFAULT NULL,
  `status` tinyint(1) DEFAULT '1',
  `start_date` date NOT NULL,
  `description` varchar(255) DEFAULT NULL,
  `month` int(11) DEFAULT NULL,
  `year` int(11) DEFAULT NULL,
  `end_date` date DEFAULT NULL,
  PRIMARY KEY (`project_id`),
  KEY `project_FK1` (`group_id`),
  CONSTRAINT `project_FK1` FOREIGN KEY (`group_id`) REFERENCES `group` (`group_id`)
) ENGINE=InnoDB DEFAULT CHARSET=utf8;
/*!40101 SET character_set_client = @saved_cs_client */;

--
-- Dumping data for table `project`
--

LOCK TABLES `project` WRITE;
/*!40000 ALTER TABLE `project` DISABLE KEYS */;
INSERT INTO `project` VALUES (2,'Android Task Monitoring','N1','PRO001',1,'2016-04-15','Project 1',0,0,NULL),(3,'Online Mobile Recharge Portal Project','N1','PRO002',1,'2016-10-23','Project 2',0,0,NULL),(4,'Detecting E Banking Phishing Websites Using Associative Classification','N1','PRO003',1,'2016-06-09','Project 3',0,0,NULL),(5,'Vehicle Tracking Using Driver Mobile Gps Tracking','N1','PRO004',1,'2016-04-10','Project 4',0,0,NULL),(6,'Sentiment Analysis for Product Rating','N1','PRO005',1,'2016-08-13','Project 5',0,0,NULL),(7,'Fingerprint Based ATM System','N1','PRO006',1,'2017-12-10','Project 6',0,0,NULL),(8,'Image Encryption Using AES Algorithm','N1','PRO007',1,'2017-02-13','Project 7',0,0,NULL),(9,'Image Encryption Using Triple DES','N1','PRO008',1,'2016-08-20','Project 8',0,0,NULL),(10,'Extended AES with Custom Configurable Encryption','N1','PRO009',1,'2016-10-09','Project 9',0,0,NULL),(11,'E Commerce Product Rating Based On Customer Review Mining','N1','PRO010',1,'2017-10-08','Project 10',0,0,NULL),(12,'Image Steganography With 3 Way Encryption','N1','PRO011',1,'2018-02-05','Project 11',0,0,NULL),(13,'Canteen Automation System','N1','PRO012',1,'2016-03-18','Project 12',0,0,NULL),(14,'Engineering College Automation and Scheduling System','N1','PRO013',1,'2017-07-21','Project 13',0,0,NULL),(15,'Fingerprint Voting System Project','N1','PRO014',1,'2016-02-20','Project 14',0,0,NULL),(16,'Employee Hourly Attendance By Barcode Scan','N1','PRO015',1,'2017-12-26','Project 15',0,0,NULL),(17,'Weather Forecasting Using Data Mining','N1','PRO016',1,'2016-11-02','Project 16',0,0,NULL),(18,'User Web Access Records Mining For Business Intelligence','N1','PRO017',1,'2017-03-12','Project 17',0,0,NULL),(19,'Railway Tracking and Arrival Time Prediction','N1','PRO018',1,'2016-05-19','Project 18',0,0,NULL),(20,'Android Local Train Ticketing Project','N1','PRO019',1,'2017-01-28','Project 19',0,0,NULL),(21,'Android Patient Tracker','N1','PRO020',1,'2017-07-07','Project 20',0,0,NULL),(22,'Opinion Mining For Restaurant Reviews','N1','PRO021',1,'2016-02-12','Project 21',0,0,NULL),(23,'Website Evaluation Using Opinion Mining','N1','PRO022',1,'2016-08-20','Project 22',0,0,NULL),(24,'Opinion Mining For Comment Sentiment Analysis','N1','PRO023',1,'2016-03-15','Project 23',0,0,NULL),(25,'Movie Success Prediction Using Data Mining','N1','PRO024',1,'2018-02-25','Project 24',0,0,NULL),(26,'Android Customer Relationship Management System','N1','PRO025',1,'2016-11-16','Project 25',0,0,NULL),(27,'Android Employee Tracker','N1','PRO026',1,'2017-05-23','Project 26',0,0,NULL),(28,'Monitoring Suspicious Discussions On Online Forums Using Data Mining','N1','PRO027',1,'2017-12-13','Project 27',0,0,NULL),(29,'Android – PC Chatting & Image Sharing System','N1','PRO028',1,'2016-10-02','Project 28',0,0,NULL),(30,'Fake Product Review Monitoring And Removal For Genuine Online Product Reviews Using Opinion Mining','N1','PRO029',1,'2017-10-11','Project 29',0,0,NULL),(31,'Web Data Mining To Detect Online Spread Of Terrorism','N1','PRO030',1,'2018-03-02','Project 30',0,0,NULL),(32,'Opinion Mining For Social Networking Site','N1','PRO031',1,'2017-12-17','Project 31',0,0,NULL),(33,'Biomedical Data Mining For Web Page Relevance Checking','N1','PRO032',1,'2016-08-29','Project 32',0,0,NULL),(34,'Data Mining For Automated Personality Classification','N1','PRO033',1,'2018-03-09','Project 33',0,0,NULL),(35,'Real Estate Search Based On Data Mining','N1','PRO034',1,'2017-01-10','Project 34',0,0,NULL),(36,'Automated Payroll With GPS Tracking And Image Capture','N1','PRO035',1,'2016-07-18','Project 35',0,0,NULL),(37,'Unique User Identification Across Multiple Social Networks','N1','PRO036',1,'2017-06-27','Project 36',0,0,NULL),(38,'College Enquiry Chat Bot','N1','PRO037',1,'2017-07-26','Project 37',0,0,NULL),(39,'Bikers Portal','N1','PRO038',1,'2017-07-07','Project 38',0,0,NULL),(40,'Secure Electronic Fund Transfer Over Internet Using DES','N1','PRO039',1,'2017-09-25','Project 39',0,0,NULL),(41,'Sentiment Based Movie Rating System','N1','PRO040',1,'2016-09-26','Project 40',0,0,NULL),(42,'Advanced Reliable Real Estate Portal','N1','PRO041',1,'2016-02-13','Project 41',0,0,NULL),(43,'Diagnostic Centre Client Coordination System','N1','PRO042',1,'2017-12-31','Project 42',0,0,NULL),(44,'Improved Data Leakage Detection','N1','PRO043',1,'2017-02-23','Project 43',0,0,NULL),(45,'Online Herbs Shopping Project','N1','PRO044',1,'2017-09-26','Project 44',0,0,NULL),(46,'Sending a secure message over a network to a remote site','N1','PRO045',1,'2017-06-18','Project 45',0,0,NULL),(47,'Online Diagnostic Lab Reporting System','N1','PRO046',1,'2016-08-15','Project 46',0,0,NULL),(48,'Online Loan Application & Verification System','N1','PRO047',1,'2018-01-01','Project 47',0,0,NULL),(49,'Multi Website Advertisement Handling System','N1','PRO048',1,'2017-01-27','Project 48',0,0,NULL),(50,'Secure Data Transfer Over Internet Using Image Steganography','N1','PRO049',1,'2016-07-19','Project 49',0,0,NULL),(51,'Airport Network Flight Scheduler','N1','PRO050',1,'2016-10-01','Project 50',0,0,NULL),(52,'Image Encryption For Secure Internet Transfer','N1','PRO051',1,'2018-03-19','Project 51',0,0,NULL),(53,'Public Photography Contest With Live Voting','N1','PRO052',1,'2017-12-28','Project 52',0,0,NULL),(54,'Image Encryption For Secure Internet Transfer','N1','PRO053',1,'2017-09-15','Project 53',0,0,NULL),(55,'Public Photography Contest With Live Voting','N1','PRO054',1,'2016-10-27','Project 54',0,0,NULL),(56,'Criminal Investigation Tracker with Suspect Prediction','N1','PRO055',1,'2018-04-28','Project 55',0,0,NULL),(57,'Distributed Dealership Network Analyzer and Sales Monitor','N1','PRO056',1,'2017-01-07','Project 56',0,0,NULL),(58,'E Healthcare – Online Consultation And Medical Subscription','N1','PRO057',1,'2016-11-17','Project 57',0,0,NULL),(59,'Automated College Timetable Generator','N1','PRO058',1,'2017-03-10','Project 58',0,0,NULL),(60,'Intelligent PC Location Tracking System','N1','PRO059',1,'2016-03-21','Project 59',0,0,NULL),(61,'Secure Remote Communication Using DES Algorithm','N1','PRO060',1,'2017-12-07','Project 60',0,0,NULL),(62,'Remote Java 2 Dotnet Communication Application','N1','PRO061',1,'2017-11-28','Project 61',0,0,NULL),(63,'Internet Based Live Courier Tracking And Delivery System','N1','PRO062',1,'2017-06-27','Project 62',0,0,NULL),(64,'Active Chat Monitoring and Suspicious Chat Detection over Internet','N1','PRO063',1,'2017-02-05','Project 63',0,0,NULL),(65,'Credit Card Fraud Detection','N1','PRO064',1,'2016-12-17','Project 64',0,0,NULL),(66,'Remote User Recognition And Access Provision','N1','PRO065',1,'2018-01-04','Project 65',0,0,NULL),(67,'AI Multi Agent Shopping System','N1','PRO066',1,'2017-03-13','Project 66',0,0,NULL),(68,'Wireless Indoor Positioning System','N1','PRO067',1,'2016-09-29','Project 67',0,0,NULL),(69,'Web Content Trust Rating Prediction Using Evidence Theory','N1','PRO068',1,'2016-09-21','Project 68',0,0,NULL),(70,'Topic Detection Using Keyword Clustering','N1','PRO069',1,'2017-04-03','Project 69',0,0,NULL),(71,'An Adaptive Social Media Recommendation System','N2','PRO070',1,'2017-08-23','Project 70',0,0,NULL),(72,'Tab Based Library Book Availability & Location Finder On Wifi','N2','PRO071',1,'2016-01-20','Project 71',0,0,NULL),(73,'Web Mining For Suspicious Keyword Prominence','N2','PRO072',1,'2017-08-25','Project 72',0,0,NULL),(74,'Web Agent For Learning Content Updating','N2','PRO073',1,'2018-04-07','Project 73',0,0,NULL),(75,'PC Configuration Retrieval System on Online Server','N2','PRO074',1,'2017-07-31','Project 74',0,0,NULL),(76,'Web Server Log Analysis System','N2','PRO075',1,'2016-09-15','Project 75',0,0,NULL),(77,'Customer Behaviour Prediction Using Web Usage Mining','N2','PRO076',1,'2017-12-31','Project 76',0,0,NULL),(78,'Web Server to Client communication for web usage data analysis','N2','PRO077',1,'2017-12-09','Project 77',0,0,NULL),(79,'Network Based Stock Price System','N2','PRO078',1,'2017-07-05','Project 78',0,0,NULL),(80,'Matrimonial Portal Project','N2','PRO079',1,'2017-03-28','Project 79',0,0,NULL),(81,'On Demand Remote PC Monitoring system Through Internet','N2','PRO080',1,'2016-12-03','Project 80',0,0,NULL),(82,'Online AI Shopping With M-Wallet System','N2','PRO081',1,'2016-02-26','Project 81',0,0,NULL),(83,'Military Access Using Card Scanning With OTP','N2','PRO082',1,'2017-07-07','Project 82',0,0,NULL),(84,'Secure ATM Using Card Scanning Plus OTP','N2','PRO083',1,'2017-01-31','Project 83',0,0,NULL),(85,'Secure Lab Access Using Card Scanner Plus Face Recognition','N2','PRO084',1,'2016-12-27','Project 84',0,0,NULL),(86,'Webpage Ranking Search Engine With Seo Suggester','N2','PRO085',1,'2017-11-06','Project 85',0,0,NULL),(87,'Detect Irregular moving objects and tracking based on color and shape in real-time','N2','PRO086',1,'2016-10-22','Project 86',0,0,NULL),(88,'Camera Motion Sensing Project','N2','PRO087',1,'2016-10-01','Project 87',0,0,NULL),(89,'Collective Face Detection Project','N2','PRO088',1,'2018-03-22','Project 88',0,0,NULL),(90,'College automation project','N2','PRO089',1,'2016-04-20','Project 89',0,0,NULL),(91,'Online Election System Project','N2','PRO090',1,'2017-04-21','Project 90',0,0,NULL),(92,'Automated Attendance System','N2','PRO091',1,'2016-05-12','Project 91',0,0,NULL),(93,'Mobile Attendance System Project','N2','PRO092',1,'2018-02-19','Project 92',0,0,NULL),(94,'WiFi Shopping Guide Project','N2','PRO093',1,'2017-07-04','Project 93',0,0,NULL),(95,'Cursor Movement By Hand Gesture Project','N2','PRO094',1,'2016-03-28','Project 94',0,0,NULL),(96,'Mobile Quiz Through WiFi Project','N2','PRO095',1,'2016-11-06','Project 95',0,0,NULL),(97,'The Cibil System Project','N2','PRO096',1,'2017-06-13','Project 96',0,0,NULL),(98,'Android Merchant Application Using Qr','N2','PRO097',1,'2016-06-16','Project 97',0,0,NULL),(99,'Advanced Mobile Store','N2','PRO098',1,'2016-12-14','Project 98',0,0,NULL),(100,'Artificial Intelligence Dietician','N2','PRO099',1,'2017-04-21','Project 99',0,0,NULL),(101,'Look Based Media Player','N2','PRO100',1,'2016-08-24','Project 100',0,0,NULL),(102,'Banking Bot Project','N2','PRO101',1,'2016-01-16','Project 101',0,0,NULL),(103,'Android Voting System','N2','PRO102',1,'2016-01-27','Project 102',0,0,NULL),(104,'Android File finder and Sorting','N2','PRO103',1,'2016-08-14','Project 103',0,0,NULL),(105,'Android Tourist Guide Project','N2','PRO104',1,'2018-01-20','Project 104',0,0,NULL),(106,'Android AI Diet Consultant','N2','PRO105',1,'2016-03-18','Project 105',0,0,NULL),(107,'Android Blood Bank','N2','PRO106',1,'2016-01-10','Project 106',0,0,NULL),(108,'Bus Pass Android Project','N2','PRO107',1,'2017-07-09','Project 107',0,0,NULL),(109,'Android Based Parking Booking System','N2','PRO108',1,'2018-02-02','Project 108',0,0,NULL),(110,'Android Based Furniture Shopping','N2','PRO109',1,'2018-03-03','Project 109',0,0,NULL),(111,'Grocery Shopping Android','N2','PRO110',1,'2016-04-06','Project 110',0,0,NULL),(112,'Face Recognition Attendance System','N2','PRO111',1,'2017-02-04','Project 111',0,0,NULL),(113,'Driver Card With Qr Code Identification','N2','PRO112',1,'2018-04-01','Project 112',0,0,NULL),(114,'Detecting Data Leaks','N2','PRO113',1,'2016-08-10','Project 113',0,0,NULL),(115,'Mobile(location based) Advertisement System','N2','PRO114',1,'2017-12-21','Project 114',0,0,NULL),(116,'Medical Search Engine Project','N2','PRO115',1,'2017-01-04','Project 115',0,0,NULL),(117,'Automatic Answer Checker','N2','PRO116',1,'2017-12-16','Project 116',0,0,NULL),(118,'Document checker and Corrector Project','N2','PRO117',1,'2017-08-14','Project 117',0,0,NULL),(119,'AI Desktop Partner','N2','PRO118',1,'2017-11-10','Project 118',0,0,NULL),(120,'Car Sales And Inventory Store Project','N2','PRO119',1,'2018-04-14','Project 119',0,0,NULL),(121,'Media player Project','N2','PRO120',1,'2016-04-21','Project 120',0,0,NULL),(122,'Education Assignment Dashboard','N2','PRO121',1,'2017-01-13','Project 121',0,0,NULL),(123,'LED display generator project','N2','PRO122',1,'2017-07-04','Project 122',0,0,NULL),(124,'Human Speed Detection Project','N2','PRO123',1,'2016-11-21','Project 123',0,0,NULL),(125,'Cargo Booking Software','N2','PRO124',1,'2017-10-08','Project 124',0,0,NULL),(126,'Mobile Banking Project','N2','PRO125',1,'2017-03-17','Project 125',0,0,NULL),(127,'Facial Expression Recognition','N2','PRO126',1,'2016-06-18','Project 126',0,0,NULL),(128,'Graphical Password By Image Segmentation','N2','PRO127',1,'2017-11-07','Project 127',0,0,NULL),(129,'Video Surveillance Project','N2','PRO128',1,'2017-09-03','Project 128',0,0,NULL),(130,'Image Mining Project','N2','PRO129',1,'2016-10-04','Project 129',0,0,NULL),(131,'Smart Health Consulting Project','N2','PRO130',1,'2016-09-04','Project 130',0,0,NULL),(132,'Farming Assistance Web Service','N2','PRO131',1,'2017-09-21','Project 131',0,0,NULL),(133,'Corporate Dashboard Project','N2','PRO132',1,'2017-06-26','Project 132',0,0,NULL),(134,'iPad Restaurant Application','N2','PRO133',1,'2017-03-17','Project 133',0,0,NULL),(135,'Detecting Edges Using Image Processor','N2','PRO134',1,'2018-04-04','Project 134',0,0,NULL),(136,'Mobile(location based) Advertisement System','N2','PRO135',1,'2017-03-21','Project 135',0,0,NULL),(137,'Sql Injection Prevention Project','N2','PRO136',1,'2017-10-30','Project 136',0,0,NULL),(138,'Smart Health consulting system','N2','PRO137',1,'2017-01-20','Project 137',0,0,NULL),(139,'Wireless Data Handling And Management','N2','PRO138',1,'2016-03-14','Project 138',0,0,NULL),(140,'Android Anti-Virus Application','N2','PRO139',1,'2016-09-13','Project 139',0,0,NULL),(141,'Storage/Energy efficient Cloud Computing','N2','PRO140',1,'2018-04-09','Project 140',0,0,NULL),(142,'Cloud computing for Rural banking','N2','PRO141',1,'2017-08-04','Project 141',0,0,NULL),(143,'E-Learning Platform using Cloud Computing','N2','PRO142',1,'2016-08-02','Project 142',0,0,NULL),(144,'Automated Canteen Ordering System using Android','N2','PRO143',1,'2017-12-31','Project 143',0,0,NULL),(145,'RFID Based Automatic Traffic Violation Ticketing','N2','PRO144',1,'2017-09-09','Project 144',0,0,NULL),(146,'Android Based Visual Product Identification For The Blind','N2','PRO145',1,'2016-03-19','Project 145',0,0,NULL),(147,'Android Offloading Computation Over Cloud','N2','PRO146',1,'2018-03-18','Project 146',0,0,NULL),(148,'Android Based Universal Ticketing Project','N2','PRO147',1,'2016-02-11','Project 147',0,0,NULL),(149,'Smart Health Prediction Using Data Mining','N2','PRO148',1,'2017-02-22','Project 148',0,0,NULL),(150,'ERP System For Institutes','N2','PRO149',1,'2016-11-23','Project 149',0,0,NULL),(151,'Efficient Doctor Patient Portal','N2','PRO150',1,'2017-09-13','Project 150',0,0,NULL),(152,'Online Bookstore System On Cloud Infrastructure','N2','PRO151',1,'2016-03-14','Project 151',0,0,NULL),(153,'Cloud Based Online Blood Bank System','N2','PRO152',1,'2016-04-01','Project 152',0,0,NULL),(154,'Cloud Based Local Train Ticketing System','N2','PRO153',1,'2017-06-03','Project 153',0,0,NULL),(155,'Cloud Based Bus Pass System','N2','PRO154',1,'2016-04-10','Project 154',0,0,NULL),(156,'Cloud Based Career Guidance System','N2','PRO155',1,'2017-11-10','Project 155',0,0,NULL),(157,'Android Bluetooth Chat','N2','PRO156',1,'2017-02-02','Project 156',0,0,NULL),(158,'Bus Pass with Barcode Card scan','N2','PRO157',1,'2017-04-27','Project 157',0,0,NULL),(159,'Bus Pass with webcam Scan','N2','PRO158',1,'2016-01-31','Project 158',0,0,NULL),(160,'Employee attendance System By Qr Scan','N2','PRO159',1,'2016-11-28','Project 159',0,0,NULL),(161,'Online Printed T-Shirt Designing','N2','PRO160',1,'2017-10-07','Project 160',0,0,NULL),(162,'Online Visiting Card Creation Project','N2','PRO161',1,'2017-08-19','Project 161',0,0,NULL),(163,'Online Ebook Maker Project','N2','PRO162',1,'2016-09-16','Project 162',0,0,NULL),(164,'MLM Project','N2','PRO163',1,'2017-05-29','Project 163',0,0,NULL),(165,'Three Level Password Authentication System','N3','PRO164',1,'2018-04-18','Project 164',0,0,NULL),(166,'Question paper generator system','N3','PRO165',1,'2016-06-27','Project 165',0,0,NULL),(167,'Hotel Management Android Project','N3','PRO166',1,'2016-04-10','Project 166',0,0,NULL),(168,'Intelligent Tourist System Project','N3','PRO167',1,'2017-12-09','Project 167',0,0,NULL),(169,'Android Vehicle Tracking Application','N3','PRO168',1,'2016-12-06','Project 168',0,0,NULL),(170,'Software Piracy Protection Project','N3','PRO169',1,'2017-10-19','Project 169',0,0,NULL),(171,'Multi Coverage Broadcast','N3','PRO170',1,'2017-09-07','Project 170',0,0,NULL),(172,'Mobile Network Stability','N3','PRO171',1,'2017-11-04','Project 171',0,0,NULL),(173,'Attack Source Tracing Project','N3','PRO172',1,'2016-08-05','Project 172',0,0,NULL),(174,'Mobile Networks Load Balancing','N3','PRO173',1,'2017-08-10','Project 173',0,0,NULL),(175,'Graphical Password Strategy','N3','PRO174',1,'2016-11-12','Project 174',0,0,NULL),(176,'Android location alarm','N3','PRO175',1,'2016-10-28','Project 175',0,0,NULL),(177,'College Social Networking Web Project','N3','PRO176',1,'2017-04-12','Project 176',0,0,NULL),(178,'Voice Logger Software Project','N3','PRO177',1,'2017-09-26','Project 177',0,0,NULL),(179,'Seo optimizer and suggester','N3','PRO178',1,'2017-12-05','Project 178',0,0,NULL),(180,'Enhanced Library Management System','N3','PRO179',1,'2016-12-22','Project 179',0,0,NULL),(181,'Custom Web Search With User Centric Map','N3','PRO180',1,'2016-04-24','Project 180',0,0,NULL),(182,'Android Joystick Application','N3','PRO181',1,'2016-07-13','Project 181',0,0,NULL),(183,'Storage/Energy efficient Cloud Computing','N3','PRO182',1,'2016-10-23','Project 182',0,0,NULL),(184,'Image Editor Project','N3','PRO183',1,'2018-02-13','Project 183',0,0,NULL),(185,'Net Tracer (ACTIVE NETWORK MONITORING)','N3','PRO184',1,'2016-02-12','Project 184',0,0,NULL),(186,'Mobile Ticketing Project','N3','PRO185',1,'2016-06-24','Project 185',0,0,NULL),(187,'Mobile Self Encryption','N3','PRO186',1,'2018-03-09','Project 186',0,0,NULL),(188,'Visual Cryptography (Image encryption and decryption)','N3','PRO187',1,'2016-01-17','Project 187',0,0,NULL),(189,'Video Steganography','N3','PRO188',1,'2018-01-25','Project 188',0,0,NULL),(190,'Lan based discussion forum','N3','PRO189',1,'2016-09-29','Project 189',0,0,NULL),(191,'file encryption using fibonacci series','N3','PRO190',1,'2017-12-05','Project 190',0,0,NULL),(192,'Hybrid AES DES encryption algorithm(any combination of algorithms is available)','N3','PRO191',1,'2016-05-28','Project 191',0,0,NULL),(193,'Stock Market Analysis and Prediction','N3','PRO192',1,'2016-02-03','Project 192',0,0,NULL),(194,'Student Attendance with Fingerprint Reader','N3','PRO193',1,'2016-07-21','Project 193',0,0,NULL),(195,'Online Law System','N3','PRO194',1,'2016-07-09','Project 194',0,0,NULL),(196,'Data Protection Using Hand Gesture Recognition','N3','PRO195',1,'2017-03-02','Project 195',0,0,NULL),(197,'Digital Watermarking Project','N3','PRO196',1,'2017-08-29','Project 196',0,0,NULL),(198,'Improved Honeypot Project','N3','PRO197',1,'2017-09-29','Project 197',0,0,NULL),(199,'Internet Border Patrol','N3','PRO198',1,'2017-11-28','Project 198',0,0,NULL),(200,'Traffic Signal: Management & Control System','N3','PRO199',1,'2017-06-08','Project 199',0,0,NULL),(201,'Download accelerator','N3','PRO200',1,'2016-11-17','Project 200',0,0,NULL),(202,'Intelligent Chat Bot','N3','PRO201',1,'2017-07-14','Project 201',0,0,NULL),(203,'E Governance project','N3','PRO202',1,'2016-08-25','Project 202',0,0,NULL),(204,'Detecting Data Leaks','N3','PRO203',1,'2016-10-26','Project 203',0,0,NULL),(205,'Android location alarm','N3','PRO204',1,'2016-08-20','Project 204',0,0,NULL),(206,'Gps Based Human Tracking','N3','PRO205',1,'2018-03-04','Project 205',0,0,NULL),(207,'Web Filtering Software','N3','PRO206',1,'2017-08-07','Project 206',0,0,NULL),(208,'Lan Messenger Software Project','N3','PRO207',1,'2017-06-23','Project 207',0,0,NULL),(209,'Student Examination Datacard','N3','PRO208',1,'2016-07-14','Project 208',0,0,NULL),(210,'Enhanced Kmeans algorithm','N3','PRO209',1,'2017-04-05','Project 209',0,0,NULL),(211,'Student Attendance System by Barcode Scan','N3','PRO210',1,'2016-03-21','Project 210',0,0,NULL),(212,'Student Attendance System By Qr Scan','N3','PRO211',1,'2018-02-25','Project 211',0,0,NULL),(213,'Hotel Reservation Android','N3','PRO212',1,'2016-07-28','Project 212',0,0,NULL),(214,'Festival Calendar System with Business Promotion','N3','PRO213',1,'2017-07-30','Project 213',0,0,NULL),(215,'Online book recommendation system using Collaborative filtering','N3','PRO214',1,'2017-05-30','Project 214',0,0,NULL),(216,'Diabetes Prediction Using Data Mining','N3','PRO215',1,'2016-12-30','Project 215',0,0,NULL),(217,'Data Mining for Sales Prediction in Tourism Industry','N3','PRO216',1,'2016-01-31','Project 216',0,0,NULL),(218,'Higher Education Access Prediction Software','N3','PRO217',1,'2016-12-11','Project 217',0,0,NULL),(219,'Hotel Recommendation System Based on Hybrid Recommendation Model','N3','PRO218',1,'2017-07-04','Project 218',0,0,NULL),(220,'Detecting Fraud Apps Using Sentiment Analysis','N3','PRO219',1,'2016-09-02','Project 219',0,0,NULL),(221,'Personality Prediction System Through CV Analysis','N3','PRO220',1,'2016-05-22','Project 220',0,0,NULL),(222,'TV Show Popularity Analysis Using Data Mining','N3','PRO221',1,'2018-03-04','Project 221',0,0,NULL),(223,'Twitter Trend Analysis Using Latent Dirichlet Allocation','N3','PRO222',1,'2016-03-22','Project 222',0,0,NULL),(224,'Your Personal Nutritionist Using FatSecret API','N3','PRO223',1,'2016-02-09','Project 223',0,0,NULL),(225,'Secure E Learning Using Data Mining Techniques','N3','PRO224',1,'2016-11-27','Project 224',0,0,NULL),(226,'Price Negotiator Ecommerce ChatBot System','N3','PRO225',1,'2016-04-11','Project 225',0,0,NULL),(227,'Predicting User Behavior Through Sessions Web Mining','N3','PRO226',1,'2017-01-29','Project 226',0,0,NULL),(228,'Online Book Recommendation Using Collaborative Filtering','N3','PRO227',1,'2017-06-23','Project 227',0,0,NULL),(229,'Movie Success Prediction Using Data Mining Php','N3','PRO228',1,'2016-09-16','Project 228',0,0,NULL),(230,'Monitoring Suspicious Discussions On Online Forums Php','N3','PRO229',1,'2017-08-02','Project 229',0,0,NULL),(231,'Fake Product Review Monitoring & Removal For Genuine Ratings Php','N3','PRO230',1,'2018-04-05','Project 230',0,0,NULL),(232,'Detecting E Banking Phishing Using Associative Classification','N3','PRO231',1,'2017-01-28','Project 231',0,0,NULL),(233,'A Commodity Search System For Online Shopping Using Web Mining','N3','PRO232',1,'2018-04-18','Project 232',0,0,NULL),(234,'Detecting Phishing Websites Using Machine Learning','N3','PRO233',1,'2016-01-07','Project 233',0,0,NULL),(235,'Student Information Chatbot Project','N3','PRO234',1,'2016-06-08','Project 234',0,0,NULL),(236,'Website Evaluation Using Opinion Mining','N3','PRO235',1,'2018-02-14','Project 235',0,0,NULL),(237,'Filtering political sentiment in social media from textual information','N3','PRO236',1,'2016-01-04','Project 236',0,0,NULL),(238,'Evaluation of Academic Performance of Students with Fuzzy Logic','N3','PRO237',1,'2017-06-26','Project 237',0,0,NULL),(239,'Document Sentiment Analysis Using Opinion Mining','N3','PRO238',1,'2018-02-27','Project 238',0,0,NULL),(240,'Crime Rate Prediction Using K Means','N3','PRO239',1,'2017-10-02','Project 239',0,0,NULL),(241,'Cooking Recipe Rating Based On Sentiment Analysis','N3','PRO240',1,'2017-12-09','Project 240',0,0,NULL),(242,'Social Media Community Using Optimized Clustering Algorithm','N3','PRO241',1,'2016-11-29','Project 241',0,0,NULL),(243,'Online user Behavior Analysis On Graphical Model','N3','PRO242',1,'2017-11-24','Project 242',0,0,NULL),(244,'Student Grade Prediction Using C4.5 Decision Tree','N3','PRO243',1,'2016-01-19','Project 243',0,0,NULL),(245,'Cancer Prediction Using Data Mining','N3','PRO244',1,'2017-09-23','Project 244',0,0,NULL),(246,'Symptom Based Clinical Document Clustering by Matrix Factorization','N3','PRO245',1,'2016-11-19','Project 245',0,0,NULL),(247,'Using Data Mining To Improve Consumer Retailer Connectivity','N3','PRO246',1,'2016-09-21','Project 246',0,0,NULL),(248,'Financial Status Analysis Using Credit Score Rating','N3','PRO247',1,'2016-05-11','Project 247',0,0,NULL),(249,'E Banking Log System','N3','PRO248',1,'2016-01-05','Project 248',0,0,NULL),(250,'Stream Analysis For Career Choice Aptitude Tests','N3','PRO249',1,'2017-02-16','Project 249',0,0,NULL),(251,'Product Review Analysis For Genuine Rating','N3','PRO250',1,'2016-04-15','Project 250',0,0,NULL),(252,'Periodic Census With Graphical Representation','N3','PRO251',1,'2016-06-12','Project 251',0,0,NULL),(253,'Android Smart City Traveler','N3','PRO252',1,'2017-07-30','Project 252',0,0,NULL),(254,'Heart Disease Prediction Project','N3','PRO253',1,'2016-04-25','Project 253',0,0,NULL),(255,'Content Summary Generation Using NLP','N3','PRO254',1,'2017-10-04','Project 254',0,0,NULL),(256,'Monitoring Suspicious Discussions On Online Forums Using Data Mining','N3','PRO255',1,'2017-01-07','Project 255',0,0,NULL),(257,'Opinion Mining For Social Networking Site','N3','PRO256',1,'2017-05-04','Project 256',0,0,NULL),(258,'Web Content Trust Rating Prediction Using Evidence Theory','N3','PRO257',1,'2016-02-03','Project 257',0,0,NULL),(259,'Topic Detection Using Keyword Clustering','N3','PRO258',1,'2017-04-18','Project 258',0,0,NULL),(260,'An Adaptive Social Media Recommendation System','N3','PRO259',1,'2017-09-18','Project 259',0,0,NULL),(261,'Detecting E Banking Phishing Websites Using Associative Classification','N3','PRO260',1,'2016-10-06','Project 260',0,0,NULL),(262,'Canteen Automation System','N3','PRO261',1,'2018-03-24','Project 261',0,0,NULL),(263,'Opinion Mining For Hotel Rating Through Reviews','N3','PRO262',1,'2016-05-22','Project 262',0,0,NULL),(264,'Employee Performance Evaluation For Top Performers & Recruitment','N3','PRO263',1,'2016-09-23','Project 263',0,0,NULL),(265,'Data Mining For Improved Customer Relationship Management','N3','PRO264',1,'2017-07-19','Project 264',0,0,NULL),(266,'Social Network Privacy Using Two Tales Of Privacy Algorithm','N3','PRO265',1,'2017-06-20','Project 265',0,0,NULL),(267,'Impartial Intrusion & Crime Detection Without Gender or Caste Discrimination','N3','PRO266',1,'2017-09-11','Project 266',0,0,NULL),(268,'A neuro-fuzzy agent based group decision HR system for candidate ranking','N3','PRO267',1,'2016-09-06','Project 267',0,0,NULL),(269,'Workload & Resource Consumption Analysis For Online Travel & Booking Site','N3','PRO268',1,'2017-09-25','Project 268',0,0,NULL),(270,'Performance Evaluation in Virtual Organizations Using Data Mining & Opinion Mining','N3','PRO269',1,'2016-12-02','Project 269',0,0,NULL),(271,'Website Evaluation Using Opinion Mining','N3','PRO270',1,'2016-06-30','Project 270',0,0,NULL),(272,'E Commerce Product Rating Based On Customer Review Mining','N3','PRO271',1,'2018-04-21','Project 271',0,0,NULL),(273,'Weather Forecasting Using Data Mining','N3','PRO272',1,'2017-11-20','Project 272',0,0,NULL),(274,'Unique User Identification Across Multiple Social Networks','N3','PRO273',1,'2017-07-28','Project 273',0,0,NULL),(275,'Opinion Mining For Restaurant Reviews','N3','PRO274',1,'2016-03-28','Project 274',0,0,NULL),(276,'Sentiment Analysis for Product Rating','N3','PRO275',1,'2017-08-17','Project 275',0,0,NULL),(277,'Opinion Mining For Comment Sentiment Analysis','N3','PRO276',1,'2016-04-17','Project 276',0,0,NULL),(278,'Movie Success Prediction Using Data Mining','N3','PRO277',1,'2016-05-02','Project 277',0,0,NULL),(279,'Fake Product Review Monitoring And Removal For Genuine Online Product Reviews Using Opinion Mining','N3','PRO278',1,'2016-10-22','Project 278',0,0,NULL),(280,'Biomedical Data Mining For Web Page Relevance Checking','N3','PRO279',1,'2017-05-15','Project 279',0,0,NULL),(281,'Data Mining For Automated Personality Classification','N3','PRO280',1,'2017-10-29','Project 280',0,0,NULL),(282,'Web Data Mining To Detect Online Spread Of Terrorism','N3','PRO281',1,'2016-11-05','Project 281',0,0,NULL),(283,'Real Estate Search Based On Data Mining','N3','PRO282',1,'2017-12-30','Project 282',0,0,NULL),(284,'College Enquiry Chat Bot','N3','PRO283',1,'2017-02-20','Project 283',0,0,NULL),(285,'Bikers Portal','N3','PRO284',1,'2018-03-26','Project 284',0,0,NULL),(286,'Smart Health Prediction Using Data Mining','N3','PRO285',1,'2016-03-21','Project 285',0,0,NULL),(287,'Image Mining Project','N3','PRO286',1,'2017-06-05','Project 286',0,0,NULL),(288,'Advanced Reliable Real Estate Portal','N3','PRO287',1,'2016-01-01','Project 287',0,0,NULL),(289,'User Web Access Records Mining For Business Intelligence','N3','PRO288',1,'2018-04-20','Project 288',0,0,NULL),(290,'Mobile(location based) Advertisement System','N3','PRO289',1,'2016-08-04','Project 289',0,0,NULL),(291,'Smart Health Consulting Project','N3','PRO290',1,'2016-01-30','Project 290',0,0,NULL),(292,'Sentiment Based Movie Rating System','N3','PRO291',1,'2018-02-21','Project 291',0,0,NULL),(293,'Question paper generator system','N3','PRO292',1,'2017-06-05','Project 292',0,0,NULL),(294,'Seo optimizer and suggester','N3','PRO293',1,'2017-07-31','Project 293',0,0,NULL),(295,'Banking Bot Project','N3','PRO294',1,'2017-03-06','Project 294',0,0,NULL),(296,'Web Mining For Suspicious Keyword Prominence','N3','PRO295',1,'2017-06-21','Project 295',0,0,NULL),(297,'Customer Behaviour Prediction Using Web Usage Mining','N3','PRO296',1,'2017-05-10','Project 296',0,0,NULL),(298,'Stock Market Analysis and Prediction','N3','PRO297',1,'2017-05-22','Project 297',0,0,NULL),(299,'Android Offloading Computation Over Cloud','N3','PRO298',1,'2017-06-13','Project 298',0,0,NULL),(300,'Secure Text Transfer Using Diffie Hellman Key Exchange Based on Cloud','N3','PRO299',1,'2016-12-30','Project 299',0,0,NULL),(301,'University Campus Online Automation Using Cloud Computing','N3','PRO300',1,'2016-10-07','Project 300',0,0,NULL),(302,'Intelligent rule-based phishing websites classification Based on URL Features','N3','PRO301',1,'2016-05-23','Project 301',0,0,NULL),(303,'Customized AES using Pad and Chaff Technique And Diffie Hellman Key Exchange','N3','PRO302',1,'2016-08-18','Project 302',0,0,NULL),(304,'Detecting Data Leaks via Sql Injection Prevention on an E-Commerce','N3','PRO303',1,'2016-06-01','Project 303',0,0,NULL),(305,'Cloud Based Attendance System','N3','PRO304',1,'2017-08-14','Project 304',0,0,NULL),(306,'Cloud Based Improved File Handling and Duplication Removal Using MD5','N3','PRO305',1,'2018-02-21','Project 305',0,0,NULL),(307,'Cloud Based Student Information Chatbot Project','N3','PRO306',1,'2017-05-15','Project 306',0,0,NULL),(308,'Secure File Storage On Cloud Using Hybrid Cryptography','N3','PRO307',1,'2017-03-06','Project 307',0,0,NULL),(309,'Secure File Storage On Cloud Using Hybrid Cryptography','N3','PRO308',1,'2016-01-23','Project 308',0,0,NULL),(310,'Online Bookstore System On Cloud Infrastructure','N3','PRO309',1,'2017-05-13','Project 309',0,0,NULL),(311,'Cloud Based Online Blood Bank System','N3','PRO310',1,'2016-01-14','Project 310',0,0,NULL),(312,'Cloud Based Local Train Ticketing System','N3','PRO311',1,'2017-05-03','Project 311',0,0,NULL),(313,'Cloud Based Bus Pass System','N3','PRO312',1,'2016-10-26','Project 312',0,0,NULL),(314,'E-Learning Platform using Cloud Computing','N3','PRO313',1,'2018-03-15','Project 313',0,0,NULL),(315,'Storage and Energy Efficient Cloud Computing Project','N3','PRO314',1,'2017-06-16','Project 314',0,0,NULL),(316,'Cloud computing for Rural banking','N3','PRO315',1,'2018-03-01','Project 315',0,0,NULL),(317,'Data Duplication Removal Using File Checksum','N3','PRO316',1,'2016-12-31','Project 316',0,0,NULL),(318,'Personal Health Tracker iOS Application','N3','PRO317',1,'2017-07-31','Project 317',0,0,NULL),(319,'iOS Task Alerting Application','N3','PRO318',1,'2016-11-09','Project 318',0,0,NULL),(320,'Daily Expense Tracker iOS Application','N3','PRO319',1,'2018-01-22','Project 319',0,0,NULL),(321,'Doctor Appointment Manager iOS App','N3','PRO320',1,'2018-02-05','Project 320',0,0,NULL),(322,'iOS Periodic Bell & Timetable Reminder Application','N3','PRO321',1,'2016-05-29','Project 321',0,0,NULL),(323,'Personal Book iOS Application','N3','PRO322',1,'2016-12-10','Project 322',0,0,NULL),(324,'Secure Notes Storage Using Encryption iOS App','N3','PRO323',1,'2017-05-14','Project 323',0,0,NULL),(325,'Wake Me Up iOS Application','N3','PRO324',1,'2016-06-12','Project 324',0,0,NULL),(326,'Children Safety Tracking iOS Application','N3','PRO325',1,'2018-02-02','Project 325',0,0,NULL),(327,'Daily News Updates iOS Application','N3','PRO326',1,'2017-12-26','Project 326',0,0,NULL),(328,'Delivery Van Tracking Over Internet using iOS','N3','PRO327',1,'2017-01-24','Project 327',0,0,NULL),(329,'Secure Authentication Using Graphical Password iOS','N3','PRO328',1,'2018-02-13','Project 328',0,0,NULL),(330,'Smart Attendance System iOS','N3','PRO329',1,'2017-09-03','Project 329',0,0,NULL),(331,'iOS Based Vote Casting App System','N3','PRO330',1,'2016-09-02','Project 330',0,0,NULL),(332,'iOS Furniture Store Project','N3','PRO331',1,'2017-01-01','Project 331',0,0,NULL),(333,'Smart Diet Monitoring iOS Application','N3','PRO332',1,'2017-05-12','Project 332',0,0,NULL),(334,'Customer Targeted E-Commerce','N3','PRO333',1,'2017-10-24','Project 333',0,0,NULL),(335,'Android General Knowledge Chatbot','N3','PRO334',1,'2016-06-09','Project 334',0,0,NULL),(336,'Customer Focused Ecommerce Site With AI Bot','N3','PRO335',1,'2016-05-02','Project 335',0,0,NULL),(337,'Your Personal Nutritionist Using FatSecret API','N3','PRO336',1,'2016-08-13','Project 336',0,0,NULL),(338,'Price Negotiator Ecommerce ChatBot System','N3','PRO337',1,'2016-06-24','Project 337',0,0,NULL),(339,'Personality Prediction System Through CV Analysis','N3','PRO338',1,'2017-04-25','Project 338',0,0,NULL),(340,'TV Show Popularity Analysis Using Data Mining','N3','PRO339',1,'2016-08-25','Project 339',0,0,NULL),(341,'Twitter Trend Analysis Using Latent Dirichlet Allocation','N3','PRO340',1,'2016-07-11','Project 340',0,0,NULL),(342,'Online Book Recommendation Using Collaborative Filtering','N3','PRO341',1,'2017-03-29','Project 341',0,0,NULL),(343,'Movie Success Prediction Using Data Mining Php','N3','PRO342',1,'2018-01-21','Project 342',0,0,NULL),(344,'Fake Product Review Monitoring & Removal For Genuine Ratings Php','N3','PRO343',1,'2017-03-04','Project 343',0,0,NULL),(345,'A Commodity Search System For Online Shopping Using Web Mining','N3','PRO344',1,'2017-04-26','Project 344',0,0,NULL),(346,'College Enquiry Chat Bot','N3','PRO345',1,'2016-08-30','Project 345',0,0,NULL),(347,'Stream Analysis For Career Choice Aptitude Tests','N3','PRO346',1,'2016-05-24','Project 346',0,0,NULL),(348,'Product Review Analysis For Genuine Rating','N3','PRO347',1,'2017-01-01','Project 347',0,0,NULL),(349,'Android Smart City Traveler','N3','PRO348',1,'2016-10-08','Project 348',0,0,NULL),(350,'Artificial Intelligence Dietician','N3','PRO349',1,'2017-09-09','Project 349',0,0,NULL),(351,'Heart Disease Prediction Project','N3','PRO350',1,'2018-02-27','Project 350',0,0,NULL),(352,'Smart Health Consulting Project','N3','PRO351',1,'2017-08-02','Project 351',0,0,NULL),(353,'Banking Bot Project','N3','PRO352',1,'2016-07-01','Project 352',0,0,NULL),(354,'Sentiment Based Movie Rating System','N3','PRO353',1,'2016-04-11','Project 353',0,0,NULL),(355,'Online AI Shopping With M-Wallet System','N3','PRO354',1,'2018-02-27','Project 354',0,0,NULL),(356,'Question paper generator system','N3','PRO355',1,'2017-05-29','Project 355',0,0,NULL),(357,'Student Information Chatbot Project','N3','PRO356',1,'2016-08-21','Project 356',0,0,NULL),(358,'Website Evaluation Using Opinion Mining','N3','PRO357',1,'2016-10-31','Project 357',0,0,NULL),(359,'Android Attendance System','N3','PRO358',1,'2017-06-22','Project 358',0,0,NULL);
/*!40000 ALTER TABLE `project` ENABLE KEYS */;
UNLOCK TABLES;

--
-- Table structure for table `project_manager`
--

DROP TABLE IF EXISTS `project_manager`;
/*!40101 SET @saved_cs_client     = @@character_set_client */;
/*!40101 SET character_set_client = utf8 */;
CREATE TABLE `project_manager` (
  `project_manager_id` bigint(20) NOT NULL AUTO_INCREMENT,
  `employee_id` bigint(20) DEFAULT NULL,
  `manager_id` bigint(20) DEFAULT NULL,
  `manager_role` varchar(255) DEFAULT NULL,
  `priority` int(11) DEFAULT NULL,
  `project_id` bigint(20) DEFAULT NULL,
  PRIMARY KEY (`project_manager_id`)
) ENGINE=InnoDB DEFAULT CHARSET=utf8;
/*!40101 SET character_set_client = @saved_cs_client */;

--
-- Dumping data for table `project_manager`
--

LOCK TABLES `project_manager` WRITE;
/*!40000 ALTER TABLE `project_manager` DISABLE KEYS */;
/*!40000 ALTER TABLE `project_manager` ENABLE KEYS */;
UNLOCK TABLES;

--
-- Table structure for table `role`
--

DROP TABLE IF EXISTS `role`;
/*!40101 SET @saved_cs_client     = @@character_set_client */;
/*!40101 SET character_set_client = utf8 */;
CREATE TABLE `role` (
  `role_id` bigint(20) NOT NULL,
  `role_name` varchar(30) NOT NULL,
  PRIMARY KEY (`role_id`),
  UNIQUE KEY `APP_ROLE_UK` (`role_name`)
) ENGINE=InnoDB DEFAULT CHARSET=utf8;
/*!40101 SET character_set_client = @saved_cs_client */;

--
-- Dumping data for table `role`
--

LOCK TABLES `role` WRITE;
/*!40000 ALTER TABLE `role` DISABLE KEYS */;
INSERT INTO `role` VALUES (1,'ROLE_ADMIN'),(3,'ROLE_EMPLOYEE'),(2,'ROLE_LEADER');
/*!40000 ALTER TABLE `role` ENABLE KEYS */;
UNLOCK TABLES;

--
-- Table structure for table `user_role`
--

DROP TABLE IF EXISTS `user_role`;
/*!40101 SET @saved_cs_client     = @@character_set_client */;
/*!40101 SET character_set_client = utf8 */;
CREATE TABLE `user_role` (
  `user_role_id` bigint(20) NOT NULL,
  `employee_id` bigint(20) NOT NULL,
  `role_id` bigint(20) NOT NULL,
  PRIMARY KEY (`user_role_id`),
  UNIQUE KEY `USER_ROLE_UK` (`employee_id`,`role_id`),
  KEY `FKa68196081fvovjhkek5m97n3y` (`role_id`),
  CONSTRAINT `FKa68196081fvovjhkek5m97n3y` FOREIGN KEY (`role_id`) REFERENCES `role` (`role_id`),
  CONSTRAINT `FKrl62fs9wadh84ewehbn4bwmp5` FOREIGN KEY (`employee_id`) REFERENCES `employee` (`employee_id`),
  CONSTRAINT `USER_ROLE_FK1` FOREIGN KEY (`employee_id`) REFERENCES `employee` (`employee_id`),
  CONSTRAINT `USER_ROLE_FK2` FOREIGN KEY (`role_id`) REFERENCES `role` (`role_id`)
) ENGINE=InnoDB DEFAULT CHARSET=utf8;
/*!40101 SET character_set_client = @saved_cs_client */;

--
-- Dumping data for table `user_role`
--

LOCK TABLES `user_role` WRITE;
/*!40000 ALTER TABLE `user_role` DISABLE KEYS */;
INSERT INTO `user_role` VALUES (2,0,1),(1,1,2),(3,4,3);
/*!40000 ALTER TABLE `user_role` ENABLE KEYS */;
UNLOCK TABLES;
/*!40103 SET TIME_ZONE=@OLD_TIME_ZONE */;

/*!40101 SET SQL_MODE=@OLD_SQL_MODE */;
/*!40014 SET FOREIGN_KEY_CHECKS=@OLD_FOREIGN_KEY_CHECKS */;
/*!40014 SET UNIQUE_CHECKS=@OLD_UNIQUE_CHECKS */;
/*!40101 SET CHARACTER_SET_CLIENT=@OLD_CHARACTER_SET_CLIENT */;
/*!40101 SET CHARACTER_SET_RESULTS=@OLD_CHARACTER_SET_RESULTS */;
/*!40101 SET COLLATION_CONNECTION=@OLD_COLLATION_CONNECTION */;
/*!40111 SET SQL_NOTES=@OLD_SQL_NOTES */;

-- Dump completed on 2018-06-06 12:21:34
